t,f
0.0, 0.0
0.001, 0.0
0.002, 109.159
0.003, 0.0
0.004, 1024.41
0.005, 0.0
0.006, 0.0
0.007, 30.1941
0.008, 0.0
0.009000000000000001, -478.009
0.010000000000000002, 0.0
0.011000000000000003, 906.522
0.012000000000000004, 0.0
0.013000000000000005, 0.0
0.014000000000000005, 1591.82
0.015000000000000006, 0.0
0.016000000000000007, 0.0
0.017000000000000008, 0.0
0.01800000000000001, 0.0
0.01900000000000001, 160.028
0.02000000000000001, 0.0
0.02100000000000001, 1636.33
0.022000000000000013, 0.0
0.023000000000000013, 0.0
0.024000000000000014, 788.264
0.025000000000000015, 0.0
0.026000000000000016, 668.633
0.027000000000000017, 0.0
0.028000000000000018, 0.0
0.02900000000000002, 0.0
0.03000000000000002, 0.0
0.03100000000000002, 0.0
0.03200000000000002, 0.0
0.03300000000000002, 0.0
0.03400000000000002, 0.0
0.035000000000000024, 0.0
0.036000000000000025, 0.0
0.037000000000000026, 1363.32
0.03800000000000003, 0.0
0.03900000000000003, 0.0
0.04000000000000003, 0.0
0.04100000000000003, 0.0
0.04200000000000003, 0.0
0.04300000000000003, 2506.02
0.04400000000000003, 0.0
0.04500000000000003, 0.0
0.046000000000000034, 1593.69
0.047000000000000035, 0.0
0.048000000000000036, 0.0
0.04900000000000004, 0.0
0.05000000000000004, 0.0
0.05100000000000004, 0.0
0.05200000000000004, 0.0
0.05300000000000004, 0.0
0.05400000000000004, 0.0
0.05500000000000004, 1377.51
0.05600000000000004, -2258.22
0.057000000000000044, 970.988
0.058000000000000045, 0.0
0.059000000000000045, 840.089
0.060000000000000046, 0.0
0.06100000000000005, 0.0
0.06200000000000005, 899.118
0.06300000000000004, 0.0
0.06400000000000004, 0.0
0.06500000000000004, 0.0
0.06600000000000004, 0.0
0.06700000000000005, -30.6042
0.06800000000000005, 1254.79
0.06900000000000005, 0.0
0.07000000000000005, 0.0
0.07100000000000005, 683.343
0.07200000000000005, 0.0
0.07300000000000005, 0.0
0.07400000000000005, 675.036
0.07500000000000005, 393.37
0.07600000000000005, 720.356
0.07700000000000005, 1523.37
0.07800000000000006, 0.0
0.07900000000000006, 0.0
0.08000000000000006, 0.0
0.08100000000000006, 0.0
0.08200000000000006, 0.0
0.08300000000000006, 70.2096
0.08400000000000006, 0.0
0.08500000000000006, 1164.63
0.08600000000000006, -414.664
0.08700000000000006, 796.397
0.08800000000000006, 0.0
0.08900000000000007, 0.0
0.09000000000000007, 0.0
0.09100000000000007, 0.0
0.09200000000000007, 0.0
0.09300000000000007, -316.559
0.09400000000000007, 0.0
0.09500000000000007, 0.0
0.09600000000000007, 0.0
0.09700000000000007, 0.0
0.09800000000000007, -21.5559
0.09900000000000007, 0.0
0.10000000000000007, -51.2628
0.10100000000000008, 0.0
0.10200000000000008, 1243.9
0.10300000000000008, -629.53
0.10400000000000008, 751.245
0.10500000000000008, 0.0
0.10600000000000008, 0.0
0.10700000000000008, 0.0
0.10800000000000008, 0.0
0.10900000000000008, 2722.44
0.11000000000000008, 0.0
0.11100000000000008, 850.824
0.11200000000000009, 187.317
0.11300000000000009, -49.7408
0.11400000000000009, 0.0
0.11500000000000009, 0.0
0.11600000000000009, 0.0
0.11700000000000009, 0.0
0.11800000000000009, 946.638
0.11900000000000009, 0.0
0.12000000000000009, 531.277
0.1210000000000001, 3601.31
0.1220000000000001, 300.973
0.1230000000000001, 2903.73
0.1240000000000001, 0.0
0.12500000000000008, 0.0
0.12600000000000008, 0.0
0.12700000000000009, 0.0
0.12800000000000009, 0.0
0.1290000000000001, 219.882
0.1300000000000001, -1444.41
0.1310000000000001, 0.0
0.1320000000000001, 536.603
0.1330000000000001, -1655.72
0.1340000000000001, 750.778
0.1350000000000001, 0.0
0.1360000000000001, 35.8266
0.1370000000000001, 92.9442
0.1380000000000001, 0.0
0.1390000000000001, 1136.72
0.1400000000000001, 0.0
0.1410000000000001, 0.0
0.1420000000000001, 0.0
0.1430000000000001, 0.0
0.1440000000000001, 0.0
0.1450000000000001, 0.0
0.1460000000000001, 263.63
0.1470000000000001, 0.0
0.1480000000000001, 3922.84
0.1490000000000001, 0.0
0.1500000000000001, 0.0
0.1510000000000001, 0.0
0.1520000000000001, 0.0
0.1530000000000001, 0.0
0.1540000000000001, 0.0
0.1550000000000001, 0.0
0.1560000000000001, 0.0
0.1570000000000001, 0.0
0.1580000000000001, 0.0
0.1590000000000001, 0.0
0.16000000000000011, 0.0
0.16100000000000012, 0.0
0.16200000000000012, 0.0
0.16300000000000012, 0.0
0.16400000000000012, 2445.52
0.16500000000000012, 0.0
0.16600000000000012, 0.0
0.16700000000000012, 0.0
0.16800000000000012, 0.0
0.16900000000000012, 0.0
0.17000000000000012, 0.0
0.17100000000000012, 76.2757
0.17200000000000013, 0.0
0.17300000000000013, -259.123
0.17400000000000013, 0.0
0.17500000000000013, 834.354
0.17600000000000013, 0.0
0.17700000000000013, 0.0
0.17800000000000013, 2809.77
0.17900000000000013, 0.237515
0.18000000000000013, 0.0
0.18100000000000013, 2359.84
0.18200000000000013, 13.3522
0.18300000000000013, 2.72232
0.18400000000000014, 305.892
0.18500000000000014, 0.0
0.18600000000000014, 0.0
0.18700000000000014, 1854.54
0.18800000000000014, 448.027
0.18900000000000014, 4337.85
0.19000000000000014, 963.612
0.19100000000000014, 1011.52
0.19200000000000014, -2444.54
0.19300000000000014, 491.766
0.19400000000000014, 0.0
0.19500000000000015, 0.0
0.19600000000000015, 0.0
0.19700000000000015, 0.0
0.19800000000000015, 85.1023
0.19900000000000015, 1385.24
0.20000000000000015, -246.981
0.20100000000000015, 0.0
0.20200000000000015, 0.0
0.20300000000000015, 0.0
0.20400000000000015, 0.0
0.20500000000000015, 1003.15
0.20600000000000016, 81.5638
0.20700000000000016, 0.0
0.20800000000000016, 0.0
0.20900000000000016, 0.0
0.21000000000000016, 0.0
0.21100000000000016, -48.346
0.21200000000000016, 0.0
0.21300000000000016, 338.082
0.21400000000000016, 74.9556
0.21500000000000016, 1775.85
0.21600000000000016, -2894.65
0.21700000000000016, 0.0
0.21800000000000017, 0.0
0.21900000000000017, 0.0
0.22000000000000017, 0.0
0.22100000000000017, 0.0
0.22200000000000017, 134.112
0.22300000000000017, 24.8097
0.22400000000000017, 0.0
0.22500000000000017, 96.0378
0.22600000000000017, 4838.12
0.22700000000000017, 0.0
0.22800000000000017, 0.0
0.22900000000000018, 0.0
0.23000000000000018, 0.0
0.23100000000000018, 0.0
0.23200000000000018, 0.0
0.23300000000000018, 0.0
0.23400000000000018, 0.0
0.23500000000000018, 0.0
0.23600000000000018, 0.0
0.23700000000000018, 0.0
0.23800000000000018, 0.0
0.23900000000000018, 0.0
0.24000000000000019, 828.133
0.2410000000000002, 1206.24
0.2420000000000002, 8050.79
0.2430000000000002, 0.0
0.2440000000000002, 0.0
0.2450000000000002, 0.0
0.2460000000000002, 133.635
0.2470000000000002, 3342.05
0.2480000000000002, 1173.9
0.2490000000000002, 453.758
0.25000000000000017, 896.039
0.25100000000000017, 1279.03
0.25200000000000017, 23.3961
0.25300000000000017, 69.9155
0.25400000000000017, 0.0
0.25500000000000017, 201.978
0.25600000000000017, -43.0845
0.2570000000000002, 2570.66
0.2580000000000002, -61.0829
0.2590000000000002, -228.531
0.2600000000000002, 0.0
0.2610000000000002, 104.912
0.2620000000000002, 183.613
0.2630000000000002, 1319.13
0.2640000000000002, 0.0
0.2650000000000002, 0.0
0.2660000000000002, 0.0
0.2670000000000002, 0.0
0.2680000000000002, 0.0
0.2690000000000002, 0.0
0.2700000000000002, 0.0
0.2710000000000002, 0.0
0.2720000000000002, 0.0
0.2730000000000002, 0.0
0.2740000000000002, 0.0
0.2750000000000002, 0.0
0.2760000000000002, 0.0
0.2770000000000002, 369.462
0.2780000000000002, 0.0
0.2790000000000002, 0.0
0.2800000000000002, -93.5405
0.2810000000000002, 30.8962
0.2820000000000002, 27.8674
0.2830000000000002, 1609.06
0.2840000000000002, 255.111
0.2850000000000002, 159.332
0.2860000000000002, 0.0
0.2870000000000002, 54.7572
0.2880000000000002, 0.0
0.2890000000000002, 136.47
0.2900000000000002, 1184.71
0.2910000000000002, -1777.23
0.2920000000000002, 26.7759
0.2930000000000002, 0.0
0.2940000000000002, 0.0
0.2950000000000002, 81.0331
0.2960000000000002, 0.0
0.2970000000000002, 0.0
0.2980000000000002, 2017.47
0.2990000000000002, 0.0
0.3000000000000002, 0.0
0.3010000000000002, 1290.05
0.3020000000000002, 268.646
0.3030000000000002, 31.0147
0.3040000000000002, 1400.91
0.3050000000000002, -253.868
0.3060000000000002, 45.3231
0.3070000000000002, 0.0
0.3080000000000002, 0.0
0.3090000000000002, 0.0
0.3100000000000002, 0.0
0.3110000000000002, 0.0
0.3120000000000002, 91.1564
0.3130000000000002, 97.3399
0.3140000000000002, 0.0
0.3150000000000002, 0.0
0.3160000000000002, 0.0
0.3170000000000002, 97.6357
0.3180000000000002, 0.0
0.31900000000000023, 101.02
0.32000000000000023, 2232.32
0.32100000000000023, 2038.58
0.32200000000000023, 38.0028
0.32300000000000023, 160.586
0.32400000000000023, 6.04471
0.32500000000000023, -1640.82
0.32600000000000023, 349.149
0.32700000000000023, 19.0194
0.32800000000000024, 25.8871
0.32900000000000024, 158.315
0.33000000000000024, 151.259
0.33100000000000024, 2391.37
0.33200000000000024, 90.4077
0.33300000000000024, -17.722
0.33400000000000024, 3202.23
0.33500000000000024, 0.0
0.33600000000000024, -1.71979
0.33700000000000024, 111.475
0.33800000000000024, 270.91
0.33900000000000025, 0.0
0.34000000000000025, 279.213
0.34100000000000025, 541.009
0.34200000000000025, 227.579
0.34300000000000025, 1393.18
0.34400000000000025, -523.95
0.34500000000000025, 2293.87
0.34600000000000025, -1819.97
0.34700000000000025, 0.0
0.34800000000000025, 23.9232
0.34900000000000025, 435.523
0.35000000000000026, 206.305
0.35100000000000026, 123.005
0.35200000000000026, -2780.43
0.35300000000000026, -7.42408
0.35400000000000026, 156.835
0.35500000000000026, -481.201
0.35600000000000026, 0.0
0.35700000000000026, 160.064
0.35800000000000026, -314.883
0.35900000000000026, 314.289
0.36000000000000026, 304.165
0.36100000000000027, 1781.3
0.36200000000000027, 8.99891
0.36300000000000027, 0.0
0.36400000000000027, 0.0
0.36500000000000027, 406.886
0.36600000000000027, 2014.5
0.36700000000000027, 130.954
0.36800000000000027, 107.91
0.36900000000000027, 1566.09
0.3700000000000003, 582.689
0.3710000000000003, 179.822
0.3720000000000003, 1059.49
0.3730000000000003, 253.686
0.3740000000000003, 3548.32
0.3750000000000003, 365.745
0.3760000000000003, 84.2529
0.3770000000000003, 1924.11
0.3780000000000003, 0.0
0.3790000000000003, 86.3908
0.3800000000000003, 970.199
0.3810000000000003, 64.8969
0.3820000000000003, 177.875
0.3830000000000003, 1991.07
0.3840000000000003, 1387.03
0.3850000000000003, -96.0731
0.3860000000000003, 208.715
0.3870000000000003, 1797.68
0.3880000000000003, 583.578
0.3890000000000003, 315.385
0.3900000000000003, 201.72
0.3910000000000003, 108.149
0.3920000000000003, 0.0
0.3930000000000003, 0.0
0.3940000000000003, 328.482
0.3950000000000003, 2693.38
0.3960000000000003, 0.0
0.3970000000000003, 275.532
0.3980000000000003, 0.0
0.3990000000000003, 799.96
0.4000000000000003, 461.961
0.4010000000000003, 265.476
0.4020000000000003, -3316.8
0.4030000000000003, 151.04
0.4040000000000003, 318.335
0.4050000000000003, 1331.93
0.4060000000000003, 104.492
0.4070000000000003, 274.293
0.4080000000000003, -45.2055
0.4090000000000003, 0.0
0.4100000000000003, 258.736
0.4110000000000003, 1400.8
0.4120000000000003, -535.506
0.4130000000000003, 27.8411
0.4140000000000003, 600.048
0.4150000000000003, 1150.28
0.4160000000000003, 397.579
0.4170000000000003, 172.075
0.4180000000000003, 2178.35
0.4190000000000003, 93.1487
0.4200000000000003, 108.485
0.4210000000000003, 1460.71
0.4220000000000003, 0.0
0.4230000000000003, 233.498
0.4240000000000003, 1371.22
0.4250000000000003, 394.28
0.4260000000000003, 577.987
0.4270000000000003, 1267.3
0.4280000000000003, -75.7243
0.4290000000000003, 190.413
0.4300000000000003, 1277.82
0.4310000000000003, -512.423
0.43200000000000033, 336.972
0.43300000000000033, 452.473
0.43400000000000033, -276.335
0.43500000000000033, 302.296
0.43600000000000033, 140.993
0.43700000000000033, -1522.12
0.43800000000000033, 292.505
0.43900000000000033, 711.781
0.44000000000000034, 4339.34
0.44100000000000034, 46.4481
0.44200000000000034, 3480.57
0.44300000000000034, -291.705
0.44400000000000034, 155.212
0.44500000000000034, 1242.68
0.44600000000000034, -174.137
0.44700000000000034, 213.003
0.44800000000000034, 272.888
0.44900000000000034, 113.248
0.45000000000000034, -92.0384
0.45100000000000035, 0.0
0.45200000000000035, 81.1722
0.45300000000000035, 184.898
0.45400000000000035, 4190.15
0.45500000000000035, 178.753
0.45600000000000035, 551.842
0.45700000000000035, 1530.41
0.45800000000000035, 518.242
0.45900000000000035, -78.6492
0.46000000000000035, 1213.96
0.46100000000000035, 2596.86
0.46200000000000035, -1740.65
0.46300000000000036, 227.595
0.46400000000000036, 348.449
0.46500000000000036, 559.72
0.46600000000000036, 257.503
0.46700000000000036, 297.3
0.46800000000000036, 2661.6
0.46900000000000036, 279.97
0.47000000000000036, 180.384
0.47100000000000036, 0.0
0.47200000000000036, 704.44
0.47300000000000036, -1456.55
0.47400000000000037, -209.167
0.47500000000000037, 0.0
0.47600000000000037, 1368.2
0.47700000000000037, 41.6523
0.47800000000000037, 258.849
0.47900000000000037, 2144.48
0.48000000000000037, 2509.23
0.48100000000000037, -2123.38
0.4820000000000004, 97.4796
0.4830000000000004, 669.603
0.4840000000000004, -2163.65
0.4850000000000004, -86.9711
0.4860000000000004, 1254.39
0.4870000000000004, -1736.28
0.4880000000000004, 183.784
0.4890000000000004, 243.621
0.4900000000000004, 469.977
0.4910000000000004, 1315.77
0.4920000000000004, 120.036
0.4930000000000004, 174.343
0.4940000000000004, 1742.85
0.4950000000000004, 99.705
0.4960000000000004, 209.637
0.4970000000000004, 3555.52
0.4980000000000004, 15.8125
0.4990000000000004, 66.3539
0.5000000000000003, 1971.15
0.5010000000000003, -92.2596
0.5020000000000003, 154.106
0.5030000000000003, 2088.44
0.5040000000000003, -333.128
0.5050000000000003, 65.2978
0.5060000000000003, 228.938
0.5070000000000003, 3.82077
0.5080000000000003, -242.676
0.5090000000000003, 351.065
0.5100000000000003, 2306.32
0.5110000000000003, 100.141
0.5120000000000003, 236.146
0.5130000000000003, 0.0
0.5140000000000003, 1262.43
0.5150000000000003, 76.642
0.5160000000000003, 3713.89
0.5170000000000003, 3968.72
0.5180000000000003, 156.49
0.5190000000000003, 2271.8
0.5200000000000004, 140.361
0.5210000000000004, 59.3299
0.5220000000000004, 335.667
0.5230000000000004, 534.704
0.5240000000000004, 117.191
0.5250000000000004, 231.297
0.5260000000000004, 1108.14
0.5270000000000004, 120.631
0.5280000000000004, 1202.17
0.5290000000000004, 1094.9
0.5300000000000004, 0.0
0.5310000000000004, 210.728
0.5320000000000004, 529.753
0.5330000000000004, -39.3289
0.5340000000000004, 313.283
0.5350000000000004, 2350.99
0.5360000000000004, 81.4154
0.5370000000000004, 2297.88
0.5380000000000004, 0.0
0.5390000000000004, 0.0
0.5400000000000004, 1440.4
0.5410000000000004, 0.0
0.5420000000000004, 63.9416
0.5430000000000004, 2556.73
0.5440000000000004, 0.0
0.5450000000000004, 173.687
0.5460000000000004, 351.424
0.5470000000000004, 933.815
0.5480000000000004, 2974.12
0.5490000000000004, -1160.65
0.5500000000000004, 332.902
0.5510000000000004, 0.0
0.5520000000000004, 200.043
0.5530000000000004, 438.098
0.5540000000000004, 337.84
0.5550000000000004, 1460.13
0.5560000000000004, 840.75
0.5570000000000004, 465.508
0.5580000000000004, 277.501
0.5590000000000004, 240.336
0.5600000000000004, 2262.04
0.5610000000000004, 23.9907
0.5620000000000004, 349.254
0.5630000000000004, 2964.96
0.5640000000000004, 197.149
0.5650000000000004, 331.608
0.5660000000000004, 208.197
0.5670000000000004, 552.296
0.5680000000000004, -847.996
0.5690000000000004, 0.0
0.5700000000000004, 1315.45
0.5710000000000004, -757.697
0.5720000000000004, 276.36
0.5730000000000004, 430.967
0.5740000000000004, 3281.34
0.5750000000000004, -485.66
0.5760000000000004, 253.072
0.5770000000000004, 1297.65
0.5780000000000004, 638.176
0.5790000000000004, 491.031
0.5800000000000004, 320.657
0.5810000000000004, 1152.88
0.5820000000000004, 307.559
0.5830000000000004, 316.42
0.5840000000000004, 0.0
0.5850000000000004, 1507.45
0.5860000000000004, 125.755
0.5870000000000004, 281.227
0.5880000000000004, 2886.99
0.5890000000000004, -386.18
0.5900000000000004, 385.182
0.5910000000000004, 1622.26
0.5920000000000004, 2669.06
0.5930000000000004, 127.018
0.5940000000000004, 1429.49
0.5950000000000004, 2553.19
0.5960000000000004, 14.079
0.5970000000000004, 225.754
0.5980000000000004, 2034.24
0.5990000000000004, 29.0911
0.6000000000000004, 433.385
0.6010000000000004, 1200.04
0.6020000000000004, 52.3707
0.6030000000000004, 247.344
0.6040000000000004, 1425.56
0.6050000000000004, 179.576
0.6060000000000004, 344.568
0.6070000000000004, 1381.07
0.6080000000000004, -42.7995
0.6090000000000004, 0.0
0.6100000000000004, 1360.56
0.6110000000000004, -1134.32
0.6120000000000004, 0.0
0.6130000000000004, 3348.77
0.6140000000000004, 0.0
0.6150000000000004, 61.6203
0.6160000000000004, 1340.2
0.6170000000000004, -37.0159
0.6180000000000004, 373.233
0.6190000000000004, 1595.84
0.6200000000000004, -446.577
0.6210000000000004, 61.912
0.6220000000000004, 3076.91
0.6230000000000004, 363.822
0.6240000000000004, 258.356
0.6250000000000004, 1280.38
0.6260000000000004, 282.98
0.6270000000000004, 239.512
0.6280000000000004, 242.717
0.6290000000000004, 1213.55
0.6300000000000004, 457.925
0.6310000000000004, 0.0
0.6320000000000005, 316.006
0.6330000000000005, 733.147
0.6340000000000005, 1209.73
0.6350000000000005, 206.683
0.6360000000000005, 443.06
0.6370000000000005, 2631.33
0.6380000000000005, 275.698
0.6390000000000005, 321.151
0.6400000000000005, 339.43
0.6410000000000005, 264.588
0.6420000000000005, 2402.87
0.6430000000000005, -370.904
0.6440000000000005, 196.671
0.6450000000000005, 1625.43
0.6460000000000005, -444.323
0.6470000000000005, 44.6109
0.6480000000000005, 1216.96
0.6490000000000005, -1169.05
0.6500000000000005, -806.155
0.6510000000000005, 189.88
0.6520000000000005, 265.709
0.6530000000000005, 1720.97
0.6540000000000005, -4.507
0.6550000000000005, 445.052
0.6560000000000005, -91.5922
0.6570000000000005, 223.68
0.6580000000000005, 405.718
0.6590000000000005, 0.0
0.6600000000000005, 3338.57
0.6610000000000005, -705.133
0.6620000000000005, 262.077
0.6630000000000005, 1263.31
0.6640000000000005, 1673.79
0.6650000000000005, 143.195
0.6660000000000005, 224.229
0.6670000000000005, 2724.11
0.6680000000000005, -483.8
0.6690000000000005, 643.284
0.6700000000000005, 1186.14
0.6710000000000005, 3334.05
0.6720000000000005, 180.514
0.6730000000000005, 280.206
0.6740000000000005, 130.907
0.6750000000000005, 380.551
0.6760000000000005, 394.651
0.6770000000000005, 2602.51
0.6780000000000005, -801.782
0.6790000000000005, 183.6
0.6800000000000005, 193.112
0.6810000000000005, -766.72
0.6820000000000005, 157.449
0.6830000000000005, 248.725
0.6840000000000005, 65.9427
0.6850000000000005, -81.646
0.6860000000000005, 425.638
0.6870000000000005, 0.0
0.6880000000000005, 415.223
0.6890000000000005, 205.279
0.6900000000000005, 2871.31
0.6910000000000005, -182.179
0.6920000000000005, 137.202
0.6930000000000005, 2014.56
0.6940000000000005, -278.624
0.6950000000000005, 228.343
0.6960000000000005, 373.872
0.6970000000000005, -1823.5
0.6980000000000005, 229.155
0.6990000000000005, 2282.9
0.7000000000000005, 109.781
0.7010000000000005, 120.366
0.7020000000000005, 320.901
0.7030000000000005, 1328.36
0.7040000000000005, -48.4862
0.7050000000000005, 355.427
0.7060000000000005, -1400.6
0.7070000000000005, 138.122
0.7080000000000005, 282.874
0.7090000000000005, -106.56
0.7100000000000005, 138.533
0.7110000000000005, 302.861
0.7120000000000005, 2771.67
0.7130000000000005, 210.397
0.7140000000000005, 472.941
0.7150000000000005, -236.697
0.7160000000000005, 489.068
0.7170000000000005, 402.054
0.7180000000000005, -1661.21
0.7190000000000005, 98.8452
0.7200000000000005, 1252.37
0.7210000000000005, 1132.79
0.7220000000000005, 122.137
0.7230000000000005, 400.098
0.7240000000000005, 131.051
0.7250000000000005, 1550.51
0.7260000000000005, -327.3
0.7270000000000005, 443.088
0.7280000000000005, 293.596
0.7290000000000005, 1156.08
0.7300000000000005, 184.566
0.7310000000000005, 242.506
0.7320000000000005, 1114.44
0.7330000000000005, 0.0
0.7340000000000005, 823.473
0.7350000000000005, 560.123
0.7360000000000005, 730.239
0.7370000000000005, 1720.06
0.7380000000000005, -262.324
0.7390000000000005, 43.4003
0.7400000000000005, 1464.24
0.7410000000000005, -109.404
0.7420000000000005, 467.061
0.7430000000000005, 748.644
0.7440000000000005, 954.141
0.7450000000000006, 2452.55
0.7460000000000006, 562.12
0.7470000000000006, 528.454
0.7480000000000006, -649.043
0.7490000000000006, 303.611
0.7500000000000006, 442.971
0.7510000000000006, 2143.94
0.7520000000000006, -74.1333
0.7530000000000006, -163.174
0.7540000000000006, 215.366
0.7550000000000006, 1504.85
0.7560000000000006, -67.7833
0.7570000000000006, 578.605
0.7580000000000006, 1162.9
0.7590000000000006, -74.7024
0.7600000000000006, 261.39
0.7610000000000006, 123.495
0.7620000000000006, 3237.19
0.7630000000000006, 65.9919
0.7640000000000006, -273.645
0.7650000000000006, 1339.04
0.7660000000000006, 198.709
0.7670000000000006, 342.348
0.7680000000000006, 2331.07
0.7690000000000006, -2386.79
0.7700000000000006, 927.454
0.7710000000000006, 1732.54
0.7720000000000006, 575.196
0.7730000000000006, 182.601
0.7740000000000006, 1470.93
0.7750000000000006, 2487.86
0.7760000000000006, 1089.48
0.7770000000000006, 331.19
0.7780000000000006, 983.377
0.7790000000000006, 0.0
0.7800000000000006, 595.974
0.7810000000000006, 1568.19
0.7820000000000006, 2218.19
0.7830000000000006, 257.843
0.7840000000000006, 1718.19
0.7850000000000006, -1233.08
0.7860000000000006, 264.478
0.7870000000000006, 363.323
0.7880000000000006, 201.686
0.7890000000000006, 1112.76
0.7900000000000006, 524.536
0.7910000000000006, 2835.0
0.7920000000000006, 276.493
0.7930000000000006, 558.104
0.7940000000000006, 3029.79
0.7950000000000006, 106.914
0.7960000000000006, 1377.16
0.7970000000000006, 666.381
0.7980000000000006, 528.759
0.7990000000000006, 1988.02
0.8000000000000006, -420.319
0.8010000000000006, 527.46
0.8020000000000006, 1491.81
0.8030000000000006, -219.494
0.8040000000000006, 613.813
0.8050000000000006, 1138.68
0.8060000000000006, 595.269
0.8070000000000006, 657.081
0.8080000000000006, 3022.03
0.8090000000000006, 261.228
0.8100000000000006, 419.0
0.8110000000000006, 0.0
0.8120000000000006, 570.46
0.8130000000000006, 354.744
0.8140000000000006, 508.334
0.8150000000000006, 1806.54
0.8160000000000006, 2411.46
0.8170000000000006, 34.9091
0.8180000000000006, 495.247
0.8190000000000006, 1020.25
0.8200000000000006, -732.497
0.8210000000000006, 1103.32
0.8220000000000006, 572.257
0.8230000000000006, -1009.78
0.8240000000000006, 358.258
0.8250000000000006, 419.032
0.8260000000000006, 642.745
0.8270000000000006, 1608.87
0.8280000000000006, -104.447
0.8290000000000006, 381.605
0.8300000000000006, 2030.5
0.8310000000000006, -760.873
0.8320000000000006, 309.709
0.8330000000000006, 543.769
0.8340000000000006, 3741.26
0.8350000000000006, -1704.48
0.8360000000000006, 384.131
0.8370000000000006, 1368.73
0.8380000000000006, 2577.27
0.8390000000000006, 92.4199
0.8400000000000006, 394.591
0.8410000000000006, 818.774
0.8420000000000006, 25.9403
0.8430000000000006, 623.555
0.8440000000000006, 467.933
0.8450000000000006, -135.71
0.8460000000000006, 294.095
0.8470000000000006, 446.764
0.8480000000000006, 2118.46
0.8490000000000006, 2455.25
0.8500000000000006, 236.439
0.8510000000000006, 702.078
0.8520000000000006, 1885.43
0.8530000000000006, -525.17
0.8540000000000006, 636.164
0.8550000000000006, 1371.56
0.8560000000000006, -1232.87
0.8570000000000007, 420.949
0.8580000000000007, 2432.54
0.8590000000000007, 991.638
0.8600000000000007, 558.263
0.8610000000000007, 1521.48
0.8620000000000007, 2161.8
0.8630000000000007, 0.304903
0.8640000000000007, 311.644
0.8650000000000007, 2123.28
0.8660000000000007, -127.743
0.8670000000000007, 418.587
0.8680000000000007, 2410.68
0.8690000000000007, 190.281
0.8700000000000007, 1969.25
0.8710000000000007, 1003.82
0.8720000000000007, 459.416
0.8730000000000007, 408.042
0.8740000000000007, 1810.54
0.8750000000000007, -197.031
0.8760000000000007, 394.091
0.8770000000000007, 2200.0
0.8780000000000007, -700.404
0.8790000000000007, 1865.1
0.8800000000000007, 3019.18
0.8810000000000007, 346.834
0.8820000000000007, 438.302
0.8830000000000007, 3022.62
0.8840000000000007, 2566.33
0.8850000000000007, 71.3855
0.8860000000000007, 1972.61
0.8870000000000007, 284.419
0.8880000000000007, 0.0
0.8890000000000007, 626.139
0.8900000000000007, 157.89
0.8910000000000007, 418.762
0.8920000000000007, 3028.72
0.8930000000000007, 91.9305
0.8940000000000007, 305.085
0.8950000000000007, 2275.94
0.8960000000000007, -2025.05
0.8970000000000007, 0.0
0.8980000000000007, 212.325
0.8990000000000007, 533.256
0.9000000000000007, 2497.0
0.9010000000000007, -28.2443
0.9020000000000007, 495.944
0.9030000000000007, 2393.64
0.9040000000000007, 643.646
0.9050000000000007, 411.112
0.9060000000000007, 2754.37
0.9070000000000007, 583.751
0.9080000000000007, 2099.94
0.9090000000000007, -181.273
0.9100000000000007, 346.528
0.9110000000000007, 1516.82
0.9120000000000007, 119.83
0.9130000000000007, 359.867
0.9140000000000007, 3184.2
0.9150000000000007, 1100.97
0.9160000000000007, 2879.02
0.9170000000000007, 353.499
0.9180000000000007, 564.552
0.9190000000000007, 2500.93
0.9200000000000007, -1123.8
0.9210000000000007, 437.853
0.9220000000000007, 1365.43
0.9230000000000007, 2798.47
0.9240000000000007, 264.219
0.9250000000000007, 473.271
0.9260000000000007, 108.473
0.9270000000000007, -707.208
0.9280000000000007, 643.786
0.9290000000000007, 458.658
0.9300000000000007, 1048.12
0.9310000000000007, 120.441
0.9320000000000007, 504.944
0.9330000000000007, 2770.21
0.9340000000000007, 1833.56
0.9350000000000007, 491.476
0.9360000000000007, 24.3775
0.9370000000000007, 3069.19
0.9380000000000007, 119.485
0.9390000000000007, 487.035
0.9400000000000007, 1967.08
0.9410000000000007, 189.54
0.9420000000000007, 643.875
0.9430000000000007, 2909.89
0.9440000000000007, -330.065
0.9450000000000007, 602.846
0.9460000000000007, 1313.52
0.9470000000000007, -1364.93
0.9480000000000007, 569.52
0.9490000000000007, 1743.52
0.9500000000000007, 2084.04
0.9510000000000007, 592.632
0.9520000000000007, 570.205
0.9530000000000007, 3189.05
0.9540000000000007, 418.657
0.9550000000000007, 0.0
0.9560000000000007, 929.987
0.9570000000000007, 1331.99
0.9580000000000007, 546.699
0.9590000000000007, 520.492
0.9600000000000007, 40.9292
0.9610000000000007, 724.871
0.9620000000000007, 1937.24
0.9630000000000007, -2209.66
0.9640000000000007, 592.213
0.9650000000000007, 1459.95
0.9660000000000007, 1166.3
0.9670000000000007, 565.362
0.9680000000000007, 825.05
0.9690000000000007, 413.471
0.9700000000000008, 626.034
0.9710000000000008, 1592.86
0.9720000000000008, -1670.87
0.9730000000000008, 853.711
0.9740000000000008, 1560.02
0.9750000000000008, 2666.95
0.9760000000000008, 562.998
0.9770000000000008, 563.075
0.9780000000000008, 843.672
0.9790000000000008, 3164.53
0.9800000000000008, 93.4173
0.9810000000000008, 523.607
0.9820000000000008, 472.919
0.9830000000000008, 1221.69
0.9840000000000008, 587.729
0.9850000000000008, 626.722
0.9860000000000008, 0.0
0.9870000000000008, 2046.74
0.9880000000000008, 2986.27
0.9890000000000008, 600.788
0.9900000000000008, 520.901
0.9910000000000008, 2313.34
0.9920000000000008, -1258.98
0.9930000000000008, 446.865
0.9940000000000008, 657.207
0.9950000000000008, 1745.85
0.9960000000000008, 177.827
0.9970000000000008, -80.8593
0.9980000000000008, 729.353
0.9990000000000008, 4385.27
1.0000000000000007, -142.566
1.0010000000000006, 573.694
1.0020000000000004, 2600.32
1.0030000000000003, 1562.04
1.0040000000000002, 897.092
1.0050000000000001, 319.855
1.006, 2769.4
1.007, 2267.18
1.0079999999999998, 412.07
1.0089999999999997, 453.945
1.0099999999999996, 663.386
1.0109999999999995, 395.681
1.0119999999999993, 815.876
1.0129999999999992, 2349.2
1.0139999999999991, -240.441
1.014999999999999, 451.989
1.015999999999999, 3876.19
1.0169999999999988, 820.092
1.0179999999999987, 53.7372
1.0189999999999986, 496.114
1.0199999999999985, 3170.35
1.0209999999999984, 5383.81
1.0219999999999982, 594.024
1.0229999999999981, 3535.92
1.023999999999998, 2490.9
1.024999999999998, 506.613
1.0259999999999978, 480.706
1.0269999999999977, 2397.39
1.0279999999999976, 1531.76
1.0289999999999975, 513.373
1.0299999999999974, 637.223
1.0309999999999973, -1161.94
1.0319999999999971, 550.15
1.032999999999997, 2675.03
1.033999999999997, 2577.46
1.0349999999999968, 232.343
1.0359999999999967, 563.426
1.0369999999999966, 54.8406
1.0379999999999965, 214.668
1.0389999999999964, 0.0
1.0399999999999963, 2327.25
1.0409999999999962, 32.6538
1.041999999999996, 606.252
1.042999999999996, 2958.71
1.0439999999999958, 139.645
1.0449999999999957, 544.892
1.0459999999999956, 3197.51
1.0469999999999955, -997.839
1.0479999999999954, 2213.52
1.0489999999999953, 3076.49
1.0499999999999952, 1005.73
1.050999999999995, 517.744
1.051999999999995, 2501.0
1.0529999999999948, -373.558
1.0539999999999947, 402.255
1.0549999999999946, 3302.47
1.0559999999999945, -783.733
1.0569999999999944, 1944.06
1.0579999999999943, 2617.7
1.0589999999999942, 1015.79
1.059999999999994, 1968.04
1.060999999999994, 17.5687
1.0619999999999938, -1860.7
1.0629999999999937, 275.577
1.0639999999999936, 3051.59
1.0649999999999935, 1345.19
1.0659999999999934, 2000.34
1.0669999999999933, 238.019
1.0679999999999932, 881.229
1.068999999999993, 2579.81
1.069999999999993, -785.071
1.0709999999999928, 335.783
1.0719999999999927, 2653.49
1.0729999999999926, 1588.79
1.0739999999999925, 957.234
1.0749999999999924, 215.479
1.0759999999999923, 663.756
1.0769999999999922, 998.951
1.077999999999992, -175.66
1.078999999999992, 148.022
1.0799999999999919, 1900.72
1.0809999999999917, -335.612
1.0819999999999916, 181.799
1.0829999999999915, 968.243
1.0839999999999914, 1259.14
1.0849999999999913, 2683.26
1.0859999999999912, -19.3259
1.086999999999991, 149.175
1.087999999999991, 2212.3
1.0889999999999909, 98.1958
1.0899999999999908, 471.289
1.0909999999999906, 2073.92
1.0919999999999905, 2378.27
1.0929999999999904, -1054.12
1.0939999999999903, 813.489
1.0949999999999902, 2472.06
1.09599999999999, 0.0
1.09699999999999, -16.7917
1.0979999999999899, 1546.27
1.0989999999999898, 2620.35
1.0999999999999897, 1444.66
1.1009999999999895, 740.17
1.1019999999999894, 1697.77
1.1029999999999893, -782.348
1.1039999999999892, 540.978
1.104999999999989, 790.048
1.105999999999989, 2742.5
1.1069999999999889, 243.672
1.1079999999999888, 1344.41
1.1089999999999887, 0.0
1.1099999999999886, 1613.98
1.1109999999999884, 611.499
1.1119999999999883, 2282.51
1.1129999999999882, -779.928
1.113999999999988, 600.819
1.114999999999988, 1511.1
1.115999999999988, 2574.02
1.1169999999999878, -49.5342
1.1179999999999877, 3361.49
1.1189999999999876, 771.441
1.1199999999999875, 539.834
1.1209999999999873, 807.062
1.1219999999999872, 2006.39
1.1229999999999871, -83.3507
1.123999999999987, -87.7725
1.124999999999987, 2533.66
1.1259999999999868, -84.1047
1.1269999999999867, 849.67
1.1279999999999866, 914.222
1.1289999999999865, 34.0613
1.1299999999999863, 729.533
1.1309999999999862, 2048.59
1.1319999999999861, 1923.82
1.132999999999986, 66.4217
1.133999999999986, 731.911
1.1349999999999858, 0.0
1.1359999999999857, 897.281
1.1369999999999856, 3101.46
1.1379999999999855, 49.7919
1.1389999999999854, 625.343
1.1399999999999852, 2302.81
1.1409999999999851, 1041.6
1.141999999999985, 766.565
1.142999999999985, 922.025
1.1439999999999848, 635.623
1.1449999999999847, 760.92
1.1459999999999846, 2358.81
1.1469999999999845, 457.9
1.1479999999999844, 774.477
1.1489999999999843, -45.9045
1.1499999999999841, 153.402
1.150999999999984, 780.217
1.151999999999984, 370.763
1.1529999999999838, 3270.64
1.1539999999999837, 2149.99
1.1549999999999836, 258.955
1.1559999999999835, 622.123
1.1569999999999834, 717.752
1.1579999999999833, -150.759
1.1589999999999832, 660.727
1.159999999999983, 2208.07
1.160999999999983, 2313.26
1.1619999999999828, 3330.36
1.1629999999999827, 309.269
1.1639999999999826, 750.941
1.1649999999999825, 7.15457
1.1659999999999824, 888.216
1.1669999999999823, 602.549
1.1679999999999822, 1715.71
1.168999999999982, 3701.24
1.169999999999982, -3023.76
1.1709999999999818, 712.996
1.1719999999999817, 815.472
1.1729999999999816, 637.553
1.1739999999999815, -155.839
1.1749999999999814, 683.585
1.1759999999999813, 1901.22
1.1769999999999812, 1166.73
1.177999999999981, 0.0
1.178999999999981, 1867.32
1.1799999999999808, 2922.43
1.1809999999999807, 50.657
1.1819999999999806, 680.166
1.1829999999999805, 2528.11
1.1839999999999804, -1385.0
1.1849999999999803, 935.397
1.1859999999999802, 763.313
1.18699999999998, -1890.75
1.18799999999998, 809.763
1.1889999999999799, 2732.33
1.1899999999999797, 750.254
1.1909999999999796, -98.6461
1.1919999999999795, 535.27
1.1929999999999794, 2831.29
1.1939999999999793, 1323.45
1.1949999999999792, 0.0
1.195999999999979, 2843.43
1.196999999999979, -497.72
1.1979999999999789, 661.648
1.1989999999999787, 2611.0
1.1999999999999786, 2806.04
1.2009999999999785, 2364.32
1.2019999999999784, 822.001
1.2029999999999783, 1816.76
1.2039999999999782, 440.565
1.204999999999978, 982.083
1.205999999999978, 2469.99
1.2069999999999779, -554.127
1.2079999999999778, 682.579
1.2089999999999776, 2287.02
1.2099999999999775, -2365.52
1.2109999999999774, 761.623
1.2119999999999773, 968.98
1.2129999999999772, -1189.3
1.213999999999977, 464.293
1.214999999999977, 3231.19
1.2159999999999769, 2311.49
1.2169999999999768, 560.347
1.2179999999999767, 2636.69
1.2189999999999765, 904.833
1.2199999999999764, 243.794
1.2209999999999763, 2096.62
1.2219999999999762, 676.034
1.222999999999976, 1877.82
1.223999999999976, 1851.06
1.2249999999999759, 237.738
1.2259999999999758, 710.754
1.2269999999999757, 2785.64
1.2279999999999756, 1405.33
1.2289999999999754, -122.582
1.2299999999999753, 121.365
1.2309999999999752, 1055.81
1.2319999999999751, 1941.49
1.232999999999975, -1933.37
1.233999999999975, 128.055
1.2349999999999748, 1071.54
1.2359999999999747, 2398.72
1.2369999999999746, 1413.8
1.2379999999999745, 218.207
1.2389999999999743, 1085.39
1.2399999999999742, 885.631
1.2409999999999741, -556.383
1.241999999999974, 633.063
1.242999999999974, 768.845
1.2439999999999738, 2206.78
1.2449999999999737, -1463.12
1.2459999999999736, 780.714
1.2469999999999735, 1195.53
1.2479999999999734, 2861.77
1.2489999999999732, 3084.99
1.2499999999999731, 791.415
1.250999999999973, 1892.85
1.251999999999973, 1318.02
1.2529999999999728, 289.893
1.2539999999999727, 682.669
1.2549999999999726, 4168.09
1.2559999999999725, 2344.38
1.2569999999999724, 475.974
1.2579999999999723, 2264.54
1.2589999999999721, 2463.93
1.259999999999972, 252.318
1.260999999999972, 769.648
1.2619999999999718, 2256.0
1.2629999999999717, 653.918
1.2639999999999716, 636.187
1.2649999999999715, 566.977
1.2659999999999714, 1975.34
1.2669999999999713, 235.238
1.2679999999999712, 714.584
1.268999999999971, 1626.57
1.269999999999971, 2160.07
1.2709999999999708, -1062.58
1.2719999999999707, 2560.69
1.2729999999999706, 2226.32
1.2739999999999705, 76.0969
1.2749999999999704, 1560.37
1.2759999999999703, 2369.24
1.2769999999999702, 880.41
1.27799999999997, 1005.84
1.27899999999997, 1430.3
1.2799999999999698, 1919.91
1.2809999999999697, 1052.15
1.2819999999999696, 1658.19
1.2829999999999695, -1035.08
1.2839999999999694, 723.971
1.2849999999999693, 1583.59
1.2859999999999692, 2334.26
1.286999999999969, 281.766
1.287999999999969, 1383.0
1.2889999999999688, -753.35
1.2899999999999687, 861.191
1.2909999999999686, 1945.18
1.2919999999999685, 1210.1
1.2929999999999684, 714.809
1.2939999999999683, 1378.58
1.2949999999999682, 2922.16
1.295999999999968, 2644.29
1.296999999999968, 4777.63
1.2979999999999678, 1543.33
1.2989999999999677, 842.557
1.2999999999999676, 1952.51
1.3009999999999675, 0.0
1.3019999999999674, 981.237
1.3029999999999673, 958.485
1.3039999999999672, 3489.6
1.304999999999967, 2803.12
1.305999999999967, 3748.67
1.3069999999999669, -1717.88
1.3079999999999667, 1031.23
1.3089999999999666, 3000.01
1.3099999999999665, 1952.41
1.3109999999999664, 251.13
1.3119999999999663, 2001.36
1.3129999999999662, 1584.43
1.313999999999966, 2776.85
1.314999999999966, 1491.45
1.3159999999999659, 833.56
1.3169999999999658, 2557.47
1.3179999999999656, -330.742
1.3189999999999655, 729.573
1.3199999999999654, 698.053
1.3209999999999653, 3332.92
1.3219999999999652, 2458.47
1.322999999999965, 708.492
1.323999999999965, 1064.48
1.3249999999999649, 3041.9
1.3259999999999648, 2320.41
1.3269999999999647, 805.686
1.3279999999999645, 3319.79
1.3289999999999644, 563.107
1.3299999999999643, 254.021
1.3309999999999642, 682.589
1.331999999999964, 879.95
1.332999999999964, 3220.49
1.3339999999999639, -194.352
1.3349999999999638, 480.664
1.3359999999999637, 1680.37
1.3369999999999636, 189.047
1.3379999999999634, -111.099
1.3389999999999633, 1233.53
1.3399999999999632, 3113.47
1.340999999999963, -616.673
1.341999999999963, 642.213
1.342999999999963, 2891.01
1.3439999999999628, 2149.44
1.3449999999999627, 122.012
1.3459999999999626, 983.724
1.3469999999999624, 916.07
1.3479999999999623, 398.426
1.3489999999999622, 989.429
1.3499999999999621, 1866.97
1.350999999999962, 831.676
1.351999999999962, 630.944
1.3529999999999618, 1767.36
1.3539999999999617, 82.8873
1.3549999999999616, 1211.51
1.3559999999999615, 2183.81
1.3569999999999613, 4040.89
1.3579999999999612, 541.963
1.3589999999999611, 819.414
1.359999999999961, 2265.89
1.360999999999961, 1377.51
1.3619999999999608, 643.064
1.3629999999999607, 2668.98
1.3639999999999606, 452.399
1.3649999999999605, 624.861
1.3659999999999604, 2818.22
1.3669999999999602, 853.092
1.3679999999999601, 0.0
1.36899999999996, 55.7181
1.36999999999996, 3635.07
1.3709999999999598, 1275.44
1.3719999999999597, -588.279
1.3729999999999596, 2620.9
1.3739999999999595, 270.651
1.3749999999999594, 1061.0
1.3759999999999593, 862.762
1.3769999999999591, -1271.06
1.377999999999959, 941.356
1.378999999999959, 2498.73
1.3799999999999588, 3049.03
1.3809999999999587, 2943.18
1.3819999999999586, 2939.07
1.3829999999999585, 608.443
1.3839999999999584, 867.593
1.3849999999999583, -902.592
1.3859999999999582, -24.6215
1.386999999999958, 681.724
1.387999999999958, 3497.24
1.3889999999999578, 2763.0
1.3899999999999577, 279.315
1.3909999999999576, 203.763
1.3919999999999575, 779.243
1.3929999999999574, 3556.09
1.3939999999999573, -1356.8
1.3949999999999572, 1041.08
1.395999999999957, 2365.76
1.396999999999957, 1115.53
1.3979999999999568, 3040.42
1.3989999999999567, 77.9929
1.3999999999999566, 425.856
1.4009999999999565, 0.0
1.4019999999999564, 2045.29
1.4029999999999563, 405.802
1.4039999999999562, 937.064
1.404999999999956, 785.36
1.405999999999956, 2537.0
1.4069999999999558, -1160.1
1.4079999999999557, 1317.74
1.4089999999999556, 2650.11
1.4099999999999555, -2429.93
1.4109999999999554, 771.036
1.4119999999999553, 2904.52
1.4129999999999552, -244.074
1.413999999999955, -1841.87
1.414999999999955, 877.554
1.4159999999999549, 1288.14
1.4169999999999547, -852.424
1.4179999999999546, 778.729
1.4189999999999545, 1110.56
1.4199999999999544, 3211.23
1.4209999999999543, 1115.88
1.4219999999999542, 1237.32
1.422999999999954, 3590.13
1.423999999999954, -876.814
1.4249999999999539, 169.033
1.4259999999999537, 2368.14
1.4269999999999536, 2447.75
1.4279999999999535, 547.931
1.4289999999999534, 1130.09
1.4299999999999533, 5029.44
1.4309999999999532, -186.504
1.431999999999953, 986.45
1.432999999999953, 3516.81
1.4339999999999529, 2214.62
1.4349999999999528, 2625.63
1.4359999999999526, 989.051
1.4369999999999525, 2054.58
1.4379999999999524, 2253.21
1.4389999999999523, 1256.64
1.4399999999999522, 2986.28
1.440999999999952, 2172.98
1.441999999999952, 819.071
1.4429999999999519, 1976.71
1.4439999999999518, -746.625
1.4449999999999517, 865.796
1.4459999999999515, -36.1882
1.4469999999999514, 1605.83
1.4479999999999513, 1039.25
1.4489999999999512, 3919.18
1.449999999999951, 284.326
1.450999999999951, 800.131
1.4519999999999509, 657.522
1.4529999999999508, 1845.41
1.4539999999999507, 4133.08
1.4549999999999506, 3099.25
1.4559999999999504, -1997.53
1.4569999999999503, 1311.23
1.4579999999999502, 2804.87
1.4589999999999501, 1818.92
1.45999999999995, 830.153
1.46099999999995, 1542.44
1.4619999999999498, 2551.59
1.4629999999999497, 4058.02
1.4639999999999496, 1197.41
1.4649999999999495, 634.077
1.4659999999999493, 1009.06
1.4669999999999492, 2501.92
1.4679999999999491, 875.598
1.468999999999949, 372.809
1.469999999999949, 1024.68
1.4709999999999488, 3670.19
1.4719999999999487, 3147.96
1.4729999999999486, 225.639
1.4739999999999485, 955.667
1.4749999999999484, 4328.17
1.4759999999999482, 594.559
1.4769999999999481, 646.289
1.477999999999948, 1020.53
1.478999999999948, 499.204
1.4799999999999478, 3401.99
1.4809999999999477, 1469.3
1.4819999999999476, 867.234
1.4829999999999475, 3343.56
1.4839999999999474, -304.034
1.4849999999999473, 814.307
1.4859999999999471, 879.403
1.486999999999947, 347.375
1.487999999999947, 2348.01
1.4889999999999468, 643.799
1.4899999999999467, 926.226
1.4909999999999466, 1509.37
1.4919999999999465, 195.152
1.4929999999999464, 809.208
1.4939999999999463, 3707.21
1.4949999999999461, 943.231
1.495999999999946, 509.278
1.496999999999946, 1165.99
1.4979999999999458, 2147.25
1.4989999999999457, -1001.25
1.4999999999999456, -1382.03
1.5009999999999455, 904.258
1.5019999999999454, 2975.15
1.5029999999999453, 453.424
1.5039999999999452, 570.465
1.504999999999945, 2867.78
1.505999999999945, 1258.01
1.5069999999999448, 841.566
1.5079999999999447, 3024.33
1.5089999999999446, 231.729
1.5099999999999445, 1528.87
1.5109999999999444, 960.971
1.5119999999999443, 3115.57
1.5129999999999442, -75.7726
1.513999999999944, 506.573
1.514999999999944, 2925.78
1.5159999999999438, -1221.63
1.5169999999999437, 941.419
1.5179999999999436, 2789.48
1.5189999999999435, 1561.65
1.5199999999999434, 1020.08
1.5209999999999433, 3857.28
1.5219999999999432, 2244.58
1.522999999999943, 655.637
1.523999999999943, 3045.04
1.5249999999999428, 1141.74
1.5259999999999427, 97.0424
1.5269999999999426, 744.449
1.5279999999999425, -623.775
1.5289999999999424, 896.706
1.5299999999999423, 2192.88
1.5309999999999422, -129.992
1.531999999999942, 2850.0
1.532999999999942, 623.636
1.5339999999999419, 3193.38
1.5349999999999417, 2072.48
1.5359999999999416, 3413.25
1.5369999999999415, 115.777
1.5379999999999414, 624.836
1.5389999999999413, 867.34
1.5399999999999412, 4927.83
1.540999999999941, 554.481
1.541999999999941, 1221.91
1.5429999999999409, 2679.93
1.5439999999999408, 2427.98
1.5449999999999406, 2725.49
1.5459999999999405, -123.861
1.5469999999999404, 952.965
1.5479999999999403, 2740.04
1.5489999999999402, -1161.85
1.54999999999994, 616.063
1.55099999999994, 462.364
1.5519999999999399, 2756.91
1.5529999999999398, 2362.55
1.5539999999999397, -1389.22
1.5549999999999395, 1097.78
1.5559999999999394, 2759.39
1.5569999999999393, -915.385
1.5579999999999392, 1342.48
1.558999999999939, 2540.81
1.559999999999939, 2900.59
1.5609999999999389, 2623.97
1.5619999999999388, 199.23
1.5629999999999387, 837.902
1.5639999999999386, 509.049
1.5649999999999384, 2173.12
1.5659999999999383, -10.9504
1.5669999999999382, 971.347
1.567999999999938, 1381.25
1.568999999999938, 3138.58
1.569999999999938, 89.6435
1.5709999999999378, 1591.16
1.5719999999999377, 2334.81
1.5729999999999376, -1369.55
1.5739999999999374, 1290.18
1.5749999999999373, 1808.75
1.5759999999999372, -586.371
1.5769999999999371, 523.282
1.577999999999937, 973.215
1.578999999999937, 2776.24
1.5799999999999368, -521.229
1.5809999999999367, 1082.03
1.5819999999999366, 2919.81
1.5829999999999365, 2520.16
1.5839999999999363, 1415.44
1.5849999999999362, 2216.03
1.5859999999999361, 1532.72
1.586999999999936, 487.342
1.587999999999936, 880.943
1.5889999999999358, 3341.96
1.5899999999999357, 1012.2
1.5909999999999356, 1325.24
1.5919999999999355, 3584.45
1.5929999999999354, -1370.67
1.5939999999999352, 502.292
1.5949999999999351, 2383.49
1.595999999999935, 3287.75
1.596999999999935, 400.235
1.5979999999999348, 812.543
1.5989999999999347, 410.515
1.5999999999999346, 739.392
1.6009999999999345, 1236.27
1.6019999999999344, -356.731
1.6029999999999343, -1025.51
1.6039999999999341, 606.241
1.604999999999934, 2513.16
1.605999999999934, -2685.99
1.6069999999999338, 962.544
1.6079999999999337, -861.81
1.6089999999999336, 392.761
1.6099999999999335, 1027.07
1.6109999999999334, 1155.15
1.6119999999999333, -54.7058
1.6129999999999332, 1102.41
1.613999999999933, 4017.31
1.614999999999933, -1802.49
1.6159999999999328, 2312.66
1.6169999999999327, 520.14
1.6179999999999326, 1204.48
1.6189999999999325, 4282.36
1.6199999999999324, 859.995
1.6209999999999323, 1005.84
1.6219999999999322, 2248.14
1.622999999999932, 512.36
1.623999999999932, 4373.69
1.6249999999999318, 2303.8
1.6259999999999317, 1083.6
1.6269999999999316, 0.0
1.6279999999999315, 4640.18
1.6289999999999314, 1270.05
1.6299999999999313, 644.943
1.6309999999999312, 302.627
1.631999999999931, 3251.3
1.632999999999931, 955.497
1.6339999999999308, -2.34335
1.6349999999999307, 1071.71
1.6359999999999306, 3917.31
1.6369999999999305, -435.879
1.6379999999999304, 913.183
1.6389999999999303, 1975.81
1.6399999999999302, 2620.82
1.64099999999993, -251.693
1.64199999999993, 822.957
1.6429999999999298, 2866.63
1.6439999999999297, 1489.82
1.6449999999999296, 55.5904
1.6459999999999295, 898.848
1.6469999999999294, 2700.13
1.6479999999999293, 2127.53
1.6489999999999292, 902.429
1.649999999999929, 978.766
1.650999999999929, 364.397
1.6519999999999289, 213.151
1.6529999999999287, 810.339
1.6539999999999286, 2956.72
1.6549999999999285, 65.6651
1.6559999999999284, 367.769
1.6569999999999283, 947.754
1.6579999999999282, 3500.28
1.658999999999928, -897.76
1.659999999999928, 183.397
1.6609999999999279, 3199.36
1.6619999999999278, 2315.41
1.6629999999999276, 1387.54
1.6639999999999275, 2264.83
1.6649999999999274, -1037.13
1.6659999999999273, 331.904
1.6669999999999272, 994.598
1.667999999999927, 4148.78
1.668999999999927, 991.147
1.6699999999999269, 1066.74
1.6709999999999268, 4253.87
1.6719999999999267, 176.001
1.6729999999999265, 1214.79
1.6739999999999264, 2616.72
1.6749999999999263, 1561.16
1.6759999999999262, 565.207
1.676999999999926, 3049.77
1.677999999999926, 1461.95
1.6789999999999259, 1941.54
1.6799999999999258, 3351.37
1.6809999999999257, -1325.54
1.6819999999999256, 1086.69
1.6829999999999254, 3643.74
1.6839999999999253, 1527.49
1.6849999999999252, 908.796
1.6859999999999251, 879.17
1.686999999999925, 337.972
1.687999999999925, 1098.07
1.6889999999999248, 2618.98
1.6899999999999247, 380.665
1.6909999999999246, 95.8665
1.6919999999999245, 981.046
1.6929999999999243, 2770.79
1.6939999999999242, 3934.43
1.6949999999999241, 775.493
1.695999999999924, 508.621
1.696999999999924, 823.607
1.6979999999999238, 2383.25
1.6989999999999237, -1265.9
1.6999999999999236, 1422.8
1.7009999999999235, 4561.9
1.7019999999999234, 3064.6
1.7029999999999232, 3696.36
1.7039999999999231, 378.483
1.704999999999923, 625.121
1.705999999999923, 2743.38
1.7069999999999228, -1074.17
1.7079999999999227, 1190.13
1.7089999999999226, 1988.72
1.7099999999999225, 2811.72
1.7109999999999224, -508.042
1.7119999999999223, 1061.14
1.7129999999999221, 1812.16
1.713999999999922, -78.7733
1.714999999999922, 95.109
1.7159999999999218, 2760.4
1.7169999999999217, 967.11
1.7179999999999216, 2289.18
1.7189999999999215, 160.567
1.7199999999999214, 1164.08
1.7209999999999213, 5143.08
1.7219999999999211, 3204.74
1.722999999999921, 1623.88
1.723999999999921, 1449.18
1.7249999999999208, 1385.82
1.7259999999999207, 2927.58
1.7269999999999206, 665.895
1.7279999999999205, 770.995
1.7289999999999204, 2628.77
1.7299999999999203, 496.059
1.7309999999999202, 2036.24
1.73199999999992, 2255.03
1.73299999999992, 262.346
1.7339999999999198, 1480.53
1.7349999999999197, 2058.95
1.7359999999999196, 1762.52
1.7369999999999195, 585.823
1.7379999999999194, 2142.4
1.7389999999999193, 2584.83
1.7399999999999192, 4943.26
1.740999999999919, 3797.7
1.741999999999919, 1554.32
1.7429999999999188, 244.765
1.7439999999999187, 1222.55
1.7449999999999186, 4793.62
1.7459999999999185, 1331.42
1.7469999999999184, 1009.06
1.7479999999999183, 0.0
1.7489999999999182, 83.809
1.749999999999918, 965.594
1.750999999999918, 2749.22
1.7519999999999178, 1976.5
1.7529999999999177, 268.323
1.7539999999999176, 1128.12
1.7549999999999175, 1965.25
1.7559999999999174, 2192.47
1.7569999999999173, 3531.81
1.7579999999999172, 1171.61
1.758999999999917, 298.814
1.759999999999917, 1083.59
1.7609999999999169, 2582.98
1.7619999999999167, 1142.55
1.7629999999999166, 1036.58
1.7639999999999165, 448.197
1.7649999999999164, 1166.08
1.7659999999999163, 2902.85
1.7669999999999162, 997.956
1.767999999999916, 1055.94
1.768999999999916, 3533.04
1.7699999999999159, 705.677
1.7709999999999158, -1570.0
1.7719999999999156, 737.29
1.7729999999999155, 1147.36
1.7739999999999154, 3411.64
1.7749999999999153, 1504.31
1.7759999999999152, 852.439
1.776999999999915, 2855.48
1.777999999999915, 1649.31
1.7789999999999149, 2193.94
1.7799999999999148, 314.942
1.7809999999999147, 927.294
1.7819999999999145, 3820.91
1.7829999999999144, 2602.67
1.7839999999999143, -1139.76
1.7849999999999142, 1009.88
1.785999999999914, 905.472
1.786999999999914, 2799.19
1.7879999999999139, 7.13385
1.7889999999999138, 896.011
1.7899999999999137, 3441.18
1.7909999999999136, 1477.96
1.7919999999999134, -336.592
1.7929999999999133, 1127.95
1.7939999999999132, 9026.1
1.794999999999913, 1405.75
1.795999999999913, 553.546
1.796999999999913, 1021.98
1.7979999999999128, 3262.68
1.7989999999999127, 1016.19
1.7999999999999126, 1234.61
1.8009999999999124, 3606.16
1.8019999999999123, -1722.66
1.8029999999999122, 1294.04
1.8039999999999121, 3563.55
1.804999999999912, 607.253
1.805999999999912, 772.07
1.8069999999999118, 981.759
1.8079999999999117, 4224.41
1.8089999999999116, -1514.32
1.8099999999999115, 877.055
1.8109999999999113, 3197.89
1.8119999999999112, 1353.65
1.8129999999999111, 2393.3
1.813999999999911, 1204.48
1.814999999999911, 2992.23
1.8159999999999108, 1899.1
1.8169999999999107, 2254.45
1.8179999999999106, 2872.95
1.8189999999999105, 411.072
1.8199999999999104, 1439.49
1.8209999999999102, 3241.68
1.8219999999999101, 434.893
1.82299999999991, 410.525
1.82399999999991, 921.146
1.8249999999999098, -1182.86
1.8259999999999097, 1315.43
1.8269999999999096, 3290.2
1.8279999999999095, 2258.83
1.8289999999999094, 731.671
1.8299999999999093, 3532.58
1.8309999999999091, -1602.19
1.831999999999909, 3050.89
1.832999999999909, 3830.55
1.8339999999999088, 388.27
1.8349999999999087, 1159.31
1.8359999999999086, 2592.84
1.8369999999999085, 1847.88
1.8379999999999084, 1271.44
1.8389999999999083, 1996.65
1.8399999999999082, 1392.65
1.840999999999908, 1685.61
1.841999999999908, 4.99335
1.8429999999999078, 1184.39
1.8439999999999077, 840.098
1.8449999999999076, 3749.92
1.8459999999999075, 2011.31
1.8469999999999074, -471.536
1.8479999999999073, 381.053
1.8489999999999072, 1098.0
1.849999999999907, 2881.73
1.850999999999907, 911.076
1.8519999999999068, 1236.42
1.8529999999999067, 3707.31
1.8539999999999066, 1577.45
1.8549999999999065, -1021.28
1.8559999999999064, 552.189
1.8569999999999063, 1650.05
1.8579999999999062, 2590.46
1.858999999999906, 311.765
1.859999999999906, 1472.8
1.8609999999999058, 2762.84
1.8619999999999057, 3170.14
1.8629999999999056, 194.082
1.8639999999999055, 1643.02
1.8649999999999054, 2113.73
1.8659999999999053, 1255.77
1.8669999999999052, 1049.81
1.867999999999905, 2625.59
1.868999999999905, 2240.25
1.8699999999999048, 483.044
1.8709999999999047, 960.221
1.8719999999999046, 1716.69
1.8729999999999045, 980.548
1.8739999999999044, 1647.01
1.8749999999999043, 969.322
1.8759999999999042, 2598.87
1.876999999999904, 1748.64
1.877999999999904, 1304.06
1.8789999999999039, 880.386
1.8799999999999037, 3294.42
1.8809999999999036, 482.077
1.8819999999999035, 1671.96
1.8829999999999034, 2426.22
1.8839999999999033, -1940.69
1.8849999999999032, 1405.3
1.885999999999903, 3515.81
1.886999999999903, -1035.14
1.8879999999999029, 1485.87
1.8889999999999028, 3222.04
1.8899999999999026, -205.958
1.8909999999999025, 312.16
1.8919999999999024, 301.766
1.8929999999999023, -406.883
1.8939999999999022, 1291.49
1.894999999999902, 3033.06
1.895999999999902, 1956.3
1.8969999999999019, 1071.46
1.8979999999999018, 2235.76
1.8989999999999017, 3869.33
1.8999999999999015, 1036.68
1.9009999999999014, 4136.92
1.9019999999999013, 704.076
1.9029999999999012, 1011.45
1.903999999999901, 1005.8
1.904999999999901, 4169.67
1.9059999999999009, 1773.23
1.9069999999999008, -892.279
1.9079999999999007, 645.668
1.9089999999999006, 1340.11
1.9099999999999004, 2310.19
1.9109999999999003, 1807.52
1.9119999999999002, -130.12
1.9129999999999001, 1802.59
1.9139999999999, 3279.48
1.9149999999999, 3791.21
1.9159999999998998, 5014.06
1.9169999999998997, 81.6369
1.9179999999998996, 823.91
1.9189999999998995, 3187.01
1.9199999999998993, 182.654
1.9209999999998992, 1183.04
1.9219999999998991, 1555.65
1.922999999999899, 3128.1
1.923999999999899, 1816.57
1.9249999999998988, 857.557
1.9259999999998987, 4182.83
1.9269999999998986, 2121.65
1.9279999999998985, -1029.23
1.9289999999998984, 858.22
1.9299999999998982, 1243.57
1.9309999999998981, 4020.6
1.931999999999898, 1096.66
1.932999999999898, -88.5119
1.9339999999998978, 804.751
1.9349999999998977, 4263.21
1.9359999999998976, 733.369
1.9369999999998975, 553.282
1.9379999999998974, 1142.92
1.9389999999998973, 2975.9
1.9399999999998971, 1393.69
1.940999999999897, 996.42
1.941999999999897, 3883.59
1.9429999999998968, 1346.19
1.9439999999998967, 398.007
1.9449999999998966, 1084.72
1.9459999999998965, 3417.86
1.9469999999998964, 1231.19
1.9479999999998963, 1189.49
1.9489999999998961, 4231.58
1.949999999999896, 1670.01
1.950999999999896, 1866.32
1.9519999999998958, 2787.53
1.9529999999998957, 130.916
1.9539999999998956, 228.119
1.9549999999998955, 3242.44
1.9559999999998954, 3100.57
1.9569999999998953, -1428.32
1.9579999999998952, 1123.8
1.958999999999895, 3170.97
1.959999999999895, 433.488
1.9609999999998948, 1340.85
1.9619999999998947, 2409.85
1.9629999999998946, 3861.78
1.9639999999998945, 308.117
1.9649999999998944, 909.92
1.9659999999998943, 442.697
1.9669999999998942, 742.464
1.967999999999894, 1002.14
1.968999999999894, 1585.88
1.9699999999998938, -1295.76
1.9709999999998937, 709.913
1.9719999999998936, 3316.04
1.9729999999998935, 1054.66
1.9739999999998934, 2707.59
1.9749999999998933, 12.4624
1.9759999999998932, 617.835
1.976999999999893, 2544.38
1.977999999999893, 2859.41
1.9789999999998928, 616.497
1.9799999999998927, 1359.14
1.9809999999998926, 1069.82
1.9819999999998925, 1713.74
1.9829999999998924, 3658.49
1.9839999999998923, -1263.53
1.9849999999998922, 1344.72
1.985999999999892, 2422.49
1.986999999999892, -514.13
1.9879999999998919, 1766.67
1.9889999999998917, -1088.27
1.9899999999998916, 1568.62
1.9909999999998915, 3002.25
1.9919999999998914, 2613.29
1.9929999999998913, -1960.82
1.9939999999998912, 1208.99
1.994999999999891, 1661.44
1.995999999999891, 3188.67
1.9969999999998909, 3336.28
1.9979999999998908, 817.441
1.9989999999998906, 1279.77
1.9999999999998905, 2562.01
2.0009999999998906, -863.175
2.0019999999998905, 1319.02
2.0029999999998904, 3355.1
2.0039999999998903, 2756.64
2.00499999999989, -1319.16
2.00599999999989, 2052.0
2.00699999999989, 2905.82
2.00799999999989, -2281.43
2.0089999999998898, 973.923
2.0099999999998897, 2947.37
2.0109999999998895, 2760.7
2.0119999999998894, -1133.82
2.0129999999998893, 250.579
2.013999999999889, 2215.59
2.014999999999889, -3035.3
2.015999999999889, 1394.72
2.016999999999889, -153.423
2.0179999999998888, 2519.77
2.0189999999998887, 1319.5
2.0199999999998886, 796.794
2.0209999999998884, 2868.05
2.0219999999998883, 2344.42
2.022999999999888, 1617.74
2.023999999999888, 1368.51
2.024999999999888, -205.635
2.025999999999888, 211.496
2.026999999999888, 1245.19
2.0279999999998877, 2551.12
2.0289999999998876, -3215.96
2.0299999999998875, 1889.36
2.0309999999998873, 2310.03
2.0319999999998872, 678.571
2.032999999999887, 1188.32
2.033999999999887, 3051.76
2.034999999999887, 1312.43
2.035999999999887, 1905.28
2.0369999999998867, 3682.4
2.0379999999998866, 2135.91
2.0389999999998865, -5104.73
2.0399999999998863, -299.028
2.0409999999998862, 283.229
2.041999999999886, 1223.74
2.042999999999886, 5371.96
2.043999999999886, 754.999
2.044999999999886, 1600.96
2.0459999999998857, 333.704
2.0469999999998856, 1142.63
2.0479999999998855, 1245.34
2.0489999999998854, 3307.25
2.0499999999998852, 1374.18
2.050999999999885, 287.799
2.051999999999885, 927.374
2.052999999999885, 893.514
2.053999999999885, 3038.59
2.0549999999998847, 127.571
2.0559999999998846, 1055.12
2.0569999999998845, 1166.54
2.0579999999998844, 2742.09
2.0589999999998843, -641.73
2.059999999999884, 1189.58
2.060999999999884, 969.042
2.061999999999884, 3993.58
2.062999999999884, 313.001
2.0639999999998837, 942.243
2.0649999999998836, 3259.84
2.0659999999998835, 2583.54
2.0669999999998834, 806.688
2.0679999999998833, 1307.2
2.068999999999883, 2361.63
2.069999999999883, 4003.42
2.070999999999883, -1407.05
2.071999999999883, 1179.24
2.0729999999998827, 2551.62
2.0739999999998826, 375.604
2.0749999999998825, 284.774
2.0759999999998824, 1318.34
2.0769999999998823, 2355.96
2.077999999999882, 2002.54
2.078999999999882, 1285.95
2.079999999999882, 1307.73
2.080999999999882, 3028.08
2.0819999999998817, 7403.09
2.0829999999998816, 411.183
2.0839999999998815, 1157.18
2.0849999999998814, 3194.94
2.0859999999998813, 1247.63
2.086999999999881, 1136.5
2.087999999999881, 3863.01
2.088999999999881, 283.31
2.089999999999881, 1067.05
2.0909999999998807, 1931.66
2.0919999999998806, 2062.16
2.0929999999998805, 413.493
2.0939999999998804, 1147.42
2.0949999999998803, 3891.14
2.09599999999988, -970.932
2.09699999999988, 989.01
2.09799999999988, 3772.96
2.09899999999988, -537.102
2.0999999999998797, 611.046
2.1009999999998796, 4286.86
2.1019999999998795, -2061.24
2.1029999999998794, 213.335
2.1039999999998793, 2623.29
2.104999999999879, -2320.64
2.105999999999879, 1481.74
2.106999999999879, 1251.38
2.107999999999879, 3098.92
2.1089999999998787, 1390.87
2.1099999999998786, 609.629
2.1109999999998785, 1150.54
2.1119999999998784, 947.112
2.1129999999998783, 1058.36
2.113999999999878, 31.3656
2.114999999999878, 648.555
2.115999999999878, 1303.16
2.116999999999878, 4714.6
2.1179999999998778, 2105.82
2.1189999999998776, 2968.05
2.1199999999998775, -1247.34
2.1209999999998774, 1343.07
2.1219999999998773, 2537.97
2.122999999999877, -148.958
2.123999999999877, 346.459
2.124999999999877, 1326.79
2.125999999999877, 2001.77
2.1269999999998768, 3404.34
2.1279999999998767, 864.055
2.1289999999998765, 1257.59
2.1299999999998764, 3608.67
2.1309999999998763, 2399.41
2.131999999999876, 2950.68
2.132999999999876, -891.584
2.133999999999876, 1336.68
2.134999999999876, 1439.96
2.1359999999998758, 3380.76
2.1369999999998757, 302.178
2.1379999999998756, 744.085
2.1389999999998754, 2800.16
2.1399999999998753, 3620.42
2.1409999999998752, -653.086
2.141999999999875, 1278.93
2.142999999999875, 3642.56
2.143999999999875, 2132.33
2.144999999999875, 1131.94
2.1459999999998747, 3995.18
2.1469999999998746, 3492.38
2.1479999999998745, -2099.29
2.1489999999998743, 1996.73
2.1499999999998742, 3452.38
2.150999999999874, 1494.12
2.151999999999874, -1214.85
2.152999999999874, 2853.6
2.153999999999874, -99.5561
2.1549999999998737, -1220.32
2.1559999999998736, 1066.07
2.1569999999998735, 2852.15
2.1579999999998734, -796.328
2.1589999999998732, 785.904
2.159999999999873, 3496.62
2.160999999999873, 3431.89
2.161999999999873, 783.066
2.162999999999873, 323.499
2.1639999999998727, 3667.67
2.1649999999998726, 2239.73
2.1659999999998725, 951.341
2.1669999999998724, 2164.98
2.1679999999998723, 105.17
2.168999999999872, 1388.99
2.169999999999872, 1417.33
2.170999999999872, 3113.08
2.171999999999872, -1241.0
2.1729999999998717, 831.738
2.1739999999998716, 859.769
2.1749999999998715, 865.386
2.1759999999998714, 3278.09
2.1769999999998713, 2296.89
2.177999999999871, 559.537
2.178999999999871, 1431.59
2.179999999999871, 2689.24
2.180999999999871, 3535.04
2.1819999999998707, 6.55115
2.1829999999998706, -397.411
2.1839999999998705, 1188.91
2.1849999999998704, 3589.98
2.1859999999998703, -1720.54
2.18699999999987, 1202.26
2.18799999999987, 310.377
2.18899999999987, 1091.78
2.18999999999987, 2363.42
2.1909999999998697, 4240.85
2.1919999999998696, -746.066
2.1929999999998695, 980.912
2.1939999999998694, 1889.1
2.1949999999998693, 4266.53
2.195999999999869, 2091.32
2.196999999999869, 395.273
2.197999999999869, 1269.91
2.198999999999869, 902.925
2.1999999999998687, -501.962
2.2009999999998686, 1216.24
2.2019999999998685, 2753.98
2.2029999999998684, 3949.9
2.2039999999998683, -156.318
2.204999999999868, 934.911
2.205999999999868, 3622.83
2.206999999999868, 2140.41
2.207999999999868, -1356.88
2.2089999999998677, 823.508
2.2099999999998676, 2250.62
2.2109999999998675, 314.417
2.2119999999998674, 250.997
2.2129999999998673, 3236.48
2.213999999999867, 212.744
2.214999999999867, 227.457
2.215999999999867, 1034.35
2.216999999999867, 1035.77
2.2179999999998667, 2844.11
2.2189999999998666, 3005.83
2.2199999999998665, 291.122
2.2209999999998664, 1208.09
2.2219999999998663, 891.426
2.222999999999866, 592.833
2.223999999999866, 1875.66
2.224999999999866, 3413.47
2.225999999999866, 825.906
2.2269999999998658, 1179.88
2.2279999999998656, 2207.18
2.2289999999998655, 0.0
2.2299999999998654, 1545.39
2.2309999999998653, 3132.2
2.231999999999865, 2231.11
2.232999999999865, 762.924
2.233999999999865, 3015.88
2.234999999999865, 1168.49
2.2359999999998648, 1340.2
2.2369999999998647, 1939.05
2.2379999999998645, 2906.15
2.2389999999998644, 1008.68
2.2399999999998643, 3212.44
2.240999999999864, 2213.5
2.241999999999864, 193.663
2.242999999999864, 3177.53
2.243999999999864, 353.983
2.2449999999998638, 980.464
2.2459999999998637, 1067.94
2.2469999999998636, 2419.79
2.2479999999998634, -658.309
2.2489999999998633, -563.246
2.249999999999863, -1106.09
2.250999999999863, 1471.92
2.251999999999863, 3824.33
2.252999999999863, 1866.47
2.253999999999863, 512.542
2.2549999999998627, 1215.67
2.2559999999998626, 1042.96
2.2569999999998624, 4209.81
2.2579999999998623, 2432.16
2.2589999999998622, 874.265
2.259999999999862, 3114.06
2.260999999999862, 1661.67
2.261999999999862, 1079.65
2.262999999999862, 907.503
2.2639999999998617, 933.206
2.2649999999998616, 3070.91
2.2659999999998615, -1843.55
2.2669999999998613, 1500.21
2.2679999999998612, 3755.96
2.268999999999861, 1208.06
2.269999999999861, 3662.98
2.270999999999861, 439.205
2.271999999999861, 1647.66
2.2729999999998607, 2190.02
2.2739999999998606, 2904.0
2.2749999999998605, -846.309
2.2759999999998604, 2196.36
2.2769999999998602, 2561.1
2.27799999999986, 2949.9
2.27899999999986, 525.698
2.27999999999986, 2985.65
2.28099999999986, 3147.69
2.2819999999998597, -1117.18
2.2829999999998596, 1234.09
2.2839999999998595, 3777.01
2.2849999999998594, -205.105
2.2859999999998593, 942.016
2.286999999999859, 2397.39
2.287999999999859, 424.592
2.288999999999859, -1096.86
2.289999999999859, 1440.2
2.2909999999998587, 2704.66
2.2919999999998586, -1079.02
2.2929999999998585, 1789.22
2.2939999999998584, 2997.8
2.2949999999998583, 870.896
2.295999999999858, 1286.9
2.296999999999858, 814.876
2.297999999999858, -109.587
2.298999999999858, 814.193
2.2999999999998577, 3054.54
2.3009999999998576, 3707.65
2.3019999999998575, 222.771
2.3029999999998574, 923.688
2.3039999999998573, -382.04
2.304999999999857, 336.296
2.305999999999857, 1314.05
2.306999999999857, 3398.7
2.307999999999857, 127.456
2.3089999999998567, 2010.44
2.3099999999998566, 2255.66
2.3109999999998565, 1021.51
2.3119999999998564, 2103.08
2.3129999999998563, -1019.5
2.313999999999856, 799.751
2.314999999999856, 2424.21
2.315999999999856, 3681.79
2.316999999999856, 1659.55
2.3179999999998557, -1236.28
2.3189999999998556, 475.763
2.3199999999998555, 1095.05
2.3209999999998554, 2684.8
2.3219999999998553, -1053.07
2.322999999999855, 2041.37
2.323999999999855, 459.647
2.324999999999855, 1333.17
2.325999999999855, 4032.37
2.3269999999998547, 328.84
2.3279999999998546, -208.58
2.3289999999998545, 2339.31
2.3299999999998544, 2926.95
2.3309999999998543, 2906.49
2.331999999999854, -1185.02
2.332999999999854, 1083.4
2.333999999999854, 3582.3
2.334999999999854, 2180.24
2.3359999999998537, 512.754
2.3369999999998536, 1446.79
2.3379999999998535, 4315.46
2.3389999999998534, -616.844
2.3399999999998533, 359.926
2.340999999999853, 1041.42
2.341999999999853, 2219.0
2.342999999999853, 782.549
2.343999999999853, 1706.51
2.3449999999998528, 3101.39
2.3459999999998526, 1275.54
2.3469999999998525, 1287.49
2.3479999999998524, 3825.18
2.3489999999998523, 2492.0
2.349999999999852, 435.151
2.350999999999852, 1411.45
2.351999999999852, 2265.71
2.352999999999852, 1594.09
2.3539999999998518, 4056.6
2.3549999999998517, 431.462
2.3559999999998515, 3943.75
2.3569999999998514, 1605.92
2.3579999999998513, 929.295
2.358999999999851, 2796.15
2.359999999999851, -545.087
2.360999999999851, 1656.84
2.361999999999851, 3274.85
2.3629999999998508, 2195.63
2.3639999999998507, 2033.33
2.3649999999998506, 3455.41
2.3659999999998504, -816.92
2.3669999999998503, 1299.6
2.3679999999998502, 2302.88
2.36899999999985, -757.498
2.36999999999985, 1311.13
2.37099999999985, -242.263
2.37199999999985, 688.495
2.3729999999998497, 2059.24
2.3739999999998496, 3221.81
2.3749999999998495, 550.853
2.3759999999998493, 1272.71
2.3769999999998492, 1068.0
2.377999999999849, 1614.78
2.378999999999849, 1318.89
2.379999999999849, 5321.17
2.380999999999849, 1704.54
2.3819999999998487, 1205.95
2.3829999999998486, 1800.1
2.3839999999998485, 3557.07
2.3849999999998484, 2454.05
2.3859999999998482, -2519.63
2.386999999999848, 1656.42
2.387999999999848, 797.735
2.388999999999848, 1783.46
2.389999999999848, 1883.59
2.3909999999998477, 1283.81
2.3919999999998476, 1446.72
2.3929999999998475, 2564.75
2.3939999999998474, -215.323
2.3949999999998473, 1548.31
2.395999999999847, 2731.18
2.396999999999847, -1241.96
2.397999999999847, 2184.34
2.398999999999847, 1420.52
2.3999999999998467, 1543.36
2.4009999999998466, 89.7235
2.4019999999998465, 381.184
2.4029999999998464, 1240.59
2.4039999999998463, 1278.06
2.404999999999846, 2324.36
2.405999999999846, 117.648
2.406999999999846, 64.1372
2.407999999999846, 1586.36
2.4089999999998457, 2267.05
2.4099999999998456, 7682.41
2.4109999999998455, 1073.15
2.4119999999998454, 3204.69
2.4129999999998453, -156.841
2.413999999999845, 427.715
2.414999999999845, 2115.09
2.415999999999845, 3462.19
2.416999999999845, 981.8
2.4179999999998447, 3461.79
2.4189999999998446, 1501.23
2.4199999999998445, 998.157
2.4209999999998444, 988.455
2.4219999999998443, 3438.0
2.422999999999844, 3493.45
2.423999999999844, 1299.84
2.424999999999844, 3235.29
2.425999999999844, -2189.35
2.4269999999998437, 1552.49
2.4279999999998436, 2997.35
2.4289999999998435, 1842.81
2.4299999999998434, 1381.87
2.4309999999998433, 3891.65
2.431999999999843, 468.603
2.432999999999843, -1277.21
2.433999999999843, 1607.16
2.434999999999843, 2244.78
2.4359999999998427, 7480.5
2.4369999999998426, 3229.08
2.4379999999998425, -458.567
2.4389999999998424, 519.052
2.4399999999998423, 2012.41
2.440999999999842, 2701.53
2.441999999999842, -1905.58
2.442999999999842, -2087.84
2.443999999999842, 698.091
2.4449999999998417, 3880.8
2.4459999999998416, 2685.24
2.4469999999998415, 796.15
2.4479999999998414, 1278.82
2.4489999999998413, 507.369
2.449999999999841, 1803.18
2.450999999999841, 4637.07
2.451999999999841, 315.864
2.452999999999841, 1123.1
2.4539999999998408, 2053.81
2.4549999999998406, 3672.43
2.4559999999998405, 4020.16
2.4569999999998404, -421.94
2.4579999999998403, 3557.85
2.45899999999984, 2827.01
2.45999999999984, -931.531
2.46099999999984, -145.325
2.46199999999984, 362.571
2.4629999999998398, 2156.12
2.4639999999998397, 2156.42
2.4649999999998395, 67.9604
2.4659999999998394, 2228.12
2.4669999999998393, 3325.25
2.467999999999839, 1769.49
2.468999999999839, 1023.08
2.469999999999839, 2073.47
2.470999999999839, 2999.98
2.4719999999998388, 984.731
2.4729999999998387, 2190.48
2.4739999999998386, 1879.33
2.4749999999998384, 352.818
2.4759999999998383, 1242.29
2.476999999999838, 3686.5
2.477999999999838, 1971.06
2.478999999999838, 981.85
2.479999999999838, 1267.56
2.480999999999838, -10171.4
2.4819999999998377, -722.525
2.4829999999998376, 1086.57
2.4839999999998374, 1482.25
2.4849999999998373, -156.707
2.4859999999998372, 431.595
2.486999999999837, 982.269
2.487999999999837, 908.62
2.488999999999837, 1205.61
2.489999999999837, 2062.89
2.4909999999998367, 1609.15
2.4919999999998366, 33.2464
2.4929999999998365, 2825.69
2.4939999999998363, 415.253
2.4949999999998362, 1115.28
2.495999999999836, 1230.58
2.496999999999836, -96.6008
2.497999999999836, 810.439
2.498999999999836, 3253.11
2.4999999999998357, 160.902
2.5009999999998356, 3122.52
2.5019999999998355, -407.535
2.5029999999998354, 554.086
2.5039999999998352, 1752.22
2.504999999999835, 2682.98
2.505999999999835, 987.544
2.506999999999835, 3115.44
2.507999999999835, -1037.22
2.5089999999998347, 1724.69
2.5099999999998346, 1079.96
2.5109999999998345, 2456.07
2.5119999999998344, 1413.26
2.5129999999998343, 3805.99
2.513999999999834, 1273.07
2.514999999999834, 1740.3
2.515999999999834, 439.489
2.516999999999834, 765.785
2.5179999999998337, 2192.77
2.5189999999998336, 1796.07
2.5199999999998335, -1010.64
2.5209999999998334, 850.013
2.5219999999998333, 1184.64
2.522999999999833, 2796.23
2.523999999999833, -64.9792
2.524999999999833, 979.853
2.525999999999833, 2991.97
2.5269999999998327, 744.587
2.5279999999998326, -1124.88
2.5289999999998325, 1818.57
2.5299999999998324, 3325.28
2.5309999999998323, -1217.17
2.531999999999832, 732.159
2.532999999999832, 852.863
2.533999999999832, 1450.32
2.534999999999832, 1921.3
2.5359999999998317, 1620.81
2.5369999999998316, 1305.19
2.5379999999998315, 1048.67
2.5389999999998314, -1438.98
2.5399999999998313, 2401.14
2.540999999999831, 1817.35
2.541999999999831, 2370.88
2.542999999999831, 530.09
2.543999999999831, 1177.32
2.5449999999998307, -786.669
2.5459999999998306, 1199.37
2.5469999999998305, 3737.0
2.5479999999998304, 1740.37
2.5489999999998303, -933.272
2.54999999999983, 2698.34
2.55099999999983, -80.4399
2.55199999999983, 1392.68
2.55299999999983, 2719.99
2.5539999999998297, 2.46934
2.5549999999998296, 672.735
2.5559999999998295, 1323.37
2.5569999999998294, 75.507
2.5579999999998293, 908.506
2.558999999999829, 4746.34
2.559999999999829, 68.8615
2.560999999999829, -3323.44
2.561999999999829, 1551.06
2.5629999999998287, 223.944
2.5639999999998286, 1108.05
2.5649999999998285, 2608.71
2.5659999999998284, 1230.13
2.5669999999998283, 2215.53
2.567999999999828, 1187.75
2.568999999999828, 1133.14
2.569999999999828, 1384.64
2.570999999999828, -1218.08
2.5719999999998278, 1384.37
2.5729999999998276, 2583.13
2.5739999999998275, 1969.72
2.5749999999998274, -959.015
2.5759999999998273, 1431.14
2.576999999999827, 1024.94
2.577999999999827, 3579.39
2.578999999999827, 617.054
2.579999999999827, 1212.61
2.5809999999998268, 3530.14
2.5819999999998267, 2990.54
2.5829999999998265, 561.75
2.5839999999998264, 58.7941
2.5849999999998263, 2051.2
2.585999999999826, 3171.73
2.586999999999826, -259.775
2.587999999999826, 0.0
2.588999999999826, 352.038
2.5899999999998258, 1977.6
2.5909999999998257, 2716.95
2.5919999999998256, 2912.12
2.5929999999998254, 2107.05
2.5939999999998253, 0.0
2.5949999999998252, 224.998
2.595999999999825, 759.357
2.596999999999825, 4629.9
2.597999999999825, 696.322
2.598999999999825, 1160.3
2.5999999999998247, 958.747
2.6009999999998246, -1214.71
2.6019999999998245, 2060.55
2.6029999999998243, 2693.63
2.6039999999998242, 1967.73
2.604999999999824, 823.144
2.605999999999824, 1020.92
2.606999999999824, -606.507
2.607999999999824, 880.975
2.6089999999998237, 1979.38
2.6099999999998236, 2477.58
2.6109999999998235, 1646.09
2.6119999999998234, 1134.82
2.6129999999998232, 1104.71
2.613999999999823, 419.014
2.614999999999823, 155.438
2.615999999999823, 1817.96
2.616999999999823, 1630.8
2.6179999999998227, 1334.29
2.6189999999998226, 400.277
2.6199999999998225, 3376.48
2.6209999999998224, 3299.26
2.6219999999998223, 2084.39
2.622999999999822, 342.097
2.623999999999822, 1178.86
2.624999999999822, 1255.19
2.625999999999822, 2118.88
2.6269999999998217, 527.378
2.6279999999998216, 251.478
2.6289999999998215, 2356.75
2.6299999999998214, 1854.0
2.6309999999998213, 3283.61
2.631999999999821, -113.386
2.632999999999821, 1036.63
2.633999999999821, 1019.99
2.634999999999821, 1556.92
2.6359999999998207, 277.404
2.6369999999998206, -742.19
2.6379999999998205, 1696.73
2.6389999999998204, 2736.81
2.6399999999998203, 3285.28
2.64099999999982, 595.176
2.64199999999982, 952.419
2.64299999999982, 1919.97
2.64399999999982, 2983.76
2.6449999999998197, -970.512
2.6459999999998196, 999.538
2.6469999999998195, 3298.68
2.6479999999998194, 266.339
2.6489999999998193, -1783.74
2.649999999999819, 1103.93
2.650999999999819, 4212.79
2.651999999999819, -1034.23
2.652999999999819, 2096.18
2.6539999999998187, 3762.21
2.6549999999998186, 7247.08
2.6559999999998185, 803.63
2.6569999999998184, 3268.4
2.6579999999998183, -1934.07
2.658999999999818, -152.33
2.659999999999818, 1284.82
2.660999999999818, 432.945
2.661999999999818, 2449.34
2.6629999999998177, 1173.65
2.6639999999998176, 3375.01
2.6649999999998175, 975.144
2.6659999999998174, 756.528
2.6669999999998173, 1097.56
2.667999999999817, 373.572
2.668999999999817, 1032.1
2.669999999999817, 3195.95
2.670999999999817, 3538.76
2.6719999999998167, 801.789
2.6729999999998166, 481.208
2.6739999999998165, 132.486
2.6749999999998164, 1010.56
2.6759999999998163, 3277.82
2.676999999999816, 212.766
2.677999999999816, 2381.07
2.678999999999816, 981.031
2.679999999999816, 1001.85
2.6809999999998158, 3124.21
2.6819999999998156, -475.138
2.6829999999998155, 615.361
2.6839999999998154, 646.8
2.6849999999998153, 1718.43
2.685999999999815, 778.701
2.686999999999815, 2906.23
2.687999999999815, 1051.75
2.688999999999815, 1521.89
2.6899999999998148, 4371.64
2.6909999999998147, -643.375
2.6919999999998145, -1023.11
2.6929999999998144, -301.293
2.6939999999998143, 3227.54
2.694999999999814, 888.602
2.695999999999814, 3138.99
2.696999999999814, -191.589
2.697999999999814, 2153.82
2.6989999999998138, 3154.78
2.6999999999998137, 2608.56
2.7009999999998136, 464.118
2.7019999999998134, 4603.26
2.7029999999998133, 707.256
2.703999999999813, 672.647
2.704999999999813, 1412.22
2.705999999999813, 749.09
2.706999999999813, 2385.0
2.707999999999813, -1989.9
2.7089999999998127, 1418.14
2.7099999999998126, 4769.09
2.7109999999998124, 1114.9
2.7119999999998123, 186.008
2.7129999999998122, 1089.76
2.713999999999812, 5303.97
2.714999999999812, 1033.59
2.715999999999812, 1325.38
2.716999999999812, 3227.62
2.7179999999998117, 1988.8
2.7189999999998116, 1026.7
2.7199999999998115, 3819.86
2.7209999999998113, 938.098
2.7219999999998112, 983.161
2.722999999999811, 583.138
2.723999999999811, 461.627
2.724999999999811, 612.737
2.725999999999811, 1310.99
2.7269999999998107, -1105.4
2.7279999999998106, 1443.48
2.7289999999998105, 3477.32
2.7299999999998104, 2374.75
2.7309999999998102, 702.453
2.73199999999981, 707.554
2.73299999999981, -701.426
2.73399999999981, 1346.9
2.73499999999981, 3648.47
2.7359999999998097, 2393.06
2.7369999999998096, 784.389
2.7379999999998095, 1029.45
2.7389999999998094, 1779.87
2.7399999999998093, 1954.88
2.740999999999809, 2033.06
2.741999999999809, 587.145
2.742999999999809, 2324.28
2.743999999999809, 1375.94
2.7449999999998087, 3715.56
2.7459999999998086, 1668.5
2.7469999999998085, 639.228
2.7479999999998084, 3363.74
2.7489999999998083, 2608.36
2.749999999999808, -2983.22
2.750999999999808, -1164.92
2.751999999999808, 1513.0
2.752999999999808, 212.774
2.7539999999998077, 2735.76
2.7549999999998076, -460.356
2.7559999999998075, 7021.32
2.7569999999998074, 2441.28
2.7579999999998073, 2023.04
2.758999999999807, 1413.58
2.759999999999807, 1204.17
2.760999999999807, 1749.47
2.761999999999807, 497.674
2.7629999999998067, 1664.6
2.7639999999998066, 2343.89
2.7649999999998065, 3750.28
2.7659999999998064, -737.813
2.7669999999998063, 1250.7
2.767999999999806, 4431.14
2.768999999999806, 193.693
2.769999999999806, 667.597
2.770999999999806, 1453.74
2.7719999999998057, 3755.24
2.7729999999998056, -418.539
2.7739999999998055, 1271.86
2.7749999999998054, 2454.08
2.7759999999998053, 365.066
2.776999999999805, 990.805
2.777999999999805, 825.647
2.778999999999805, 420.171
2.779999999999805, 1089.63
2.7809999999998047, 3694.0
2.7819999999998046, 2432.55
2.7829999999998045, 161.355
2.7839999999998044, 929.95
2.7849999999998043, 987.111
2.785999999999804, 1202.1
2.786999999999804, 3192.14
2.787999999999804, 16.6081
2.788999999999804, 576.268
2.7899999999998037, 1579.16
2.7909999999998036, 968.326
2.7919999999998035, 918.873
2.7929999999998034, 2584.8
2.7939999999998033, -1120.35
2.794999999999803, 1033.71
2.795999999999803, 622.043
2.796999999999803, 1214.13
2.797999999999803, 4077.12
2.7989999999998028, 999.577
2.7999999999998026, 150.741
2.8009999999998025, 1038.79
2.8019999999998024, 1081.53
2.8029999999998023, 388.919
2.803999999999802, -398.562
2.804999999999802, 1054.38
2.805999999999802, 3532.65
2.806999999999802, 3478.39
2.8079999999998018, 1388.67
2.8089999999998017, 484.62
2.8099999999998015, 3100.57
2.8109999999998014, 1649.08
2.8119999999998013, 177.616
2.812999999999801, 1401.68
2.813999999999801, 3824.65
2.814999999999801, 608.47
2.815999999999801, 714.406
2.8169999999998008, 1140.81
2.8179999999998007, 4259.39
2.8189999999998006, 697.61
2.8199999999998004, 1243.2
2.8209999999998003, 1172.94
2.8219999999998002, 2044.89
2.8229999999998, 1891.3
2.8239999999998, -418.422
2.8249999999998, 1429.49
2.8259999999998, -2461.65
2.8269999999997997, 1468.41
2.8279999999997996, 3276.16
2.8289999999997995, 935.174
2.8299999999997993, 1123.01
2.8309999999997992, 3958.62
2.831999999999799, 231.508
2.832999999999799, 811.634
2.833999999999799, 947.925
2.834999999999799, 4385.01
2.8359999999997987, 1635.36
2.8369999999997986, 4303.75
2.8379999999997985, 1968.14
2.8389999999997984, 188.597
2.8399999999997982, 1284.33
2.840999999999798, 3290.08
2.841999999999798, 1701.54
2.842999999999798, 4440.96
2.843999999999798, 2222.35
2.8449999999997977, -1472.93
2.8459999999997976, 1882.66
2.8469999999997975, 2585.51
2.8479999999997974, 1800.86
2.8489999999997973, 3206.89
2.849999999999797, -1268.35
2.850999999999797, 1199.27
2.851999999999797, 3071.41
2.852999999999797, 4526.89
2.8539999999997967, 2345.49
2.8549999999997966, -727.127
2.8559999999997965, 678.1
2.8569999999997964, 3192.56
2.8579999999997963, 576.571
2.858999999999796, -90.2645
2.859999999999796, 871.891
2.860999999999796, 1707.98
2.861999999999796, 3495.56
2.8629999999997957, -1353.31
2.8639999999997956, 1240.42
2.8649999999997955, 1606.1
2.8659999999997954, 3352.14
2.8669999999997953, -222.954
2.867999999999795, 69.8243
2.868999999999795, 1253.8
2.869999999999795, 1458.7
2.870999999999795, 1015.34
2.8719999999997947, 1536.29
2.8729999999997946, 2907.83
2.8739999999997945, 2169.06
2.8749999999997944, 768.404
2.8759999999997943, 3319.99
2.876999999999794, 6240.68
2.877999999999794, -2593.37
2.878999999999794, 924.977
2.879999999999794, 2173.82
2.8809999999997937, 1405.54
2.8819999999997936, 909.838
2.8829999999997935, 3018.83
2.8839999999997934, 3284.99
2.8849999999997933, -1123.98
2.885999999999793, 1219.4
2.886999999999793, 3734.29
2.887999999999793, -11.448
2.888999999999793, 3595.98
2.8899999999997927, 3767.83
2.8909999999997926, 2900.4
2.8919999999997925, 3321.33
2.8929999999997924, 637.698
2.8939999999997923, -245.16
2.894999999999792, 1158.08
2.895999999999792, 2690.84
2.896999999999792, 1139.49
2.897999999999792, 3480.04
2.8989999999997917, 444.542
2.8999999999997916, 1376.18
2.9009999999997915, 2776.97
2.9019999999997914, 819.939
2.9029999999997913, -861.831
2.903999999999791, -894.659
2.904999999999791, 589.086
2.905999999999791, 3148.14
2.906999999999791, 2615.01
2.9079999999997908, 1129.13
2.9089999999997906, 302.501
2.9099999999997905, 650.234
2.9109999999997904, 3096.03
2.9119999999997903, 3573.47
2.91299999999979, 2213.28
2.91399999999979, 492.779
2.91499999999979, 1336.41
2.91599999999979, 2959.1
2.9169999999997898, 1276.96
2.9179999999997897, 480.667
2.9189999999997895, 1641.09
2.9199999999997894, 3376.42
2.9209999999997893, 503.392
2.921999999999789, 981.668
2.922999999999789, 2389.13
2.923999999999789, 2754.24
2.924999999999789, 1349.34
2.9259999999997888, 1228.17
2.9269999999997887, 3179.29
2.9279999999997885, 2197.17
2.9289999999997884, -45.176
2.9299999999997883, 2134.09
2.930999999999788, 3377.27
2.931999999999788, 640.812
2.932999999999788, 1436.02
2.933999999999788, 1571.74
2.934999999999788, 1697.3
2.9359999999997877, 1488.71
2.9369999999997876, 3223.89
2.9379999999997874, 2697.51
2.9389999999997873, 275.1
2.9399999999997872, 1305.36
2.940999999999787, 4033.0
2.941999999999787, 2011.05
2.942999999999787, 1972.83
2.943999999999787, 3133.62
2.9449999999997867, 312.87
2.9459999999997866, 1169.14
2.9469999999997865, 331.681
2.9479999999997863, 1842.47
2.9489999999997862, 3027.78
2.949999999999786, 1144.72
2.950999999999786, 649.921
2.951999999999786, 1302.45
2.952999999999786, 1977.17
2.9539999999997857, 3026.03
2.9549999999997856, 3232.6
2.9559999999997855, 2262.27
2.9569999999997854, -1018.26
2.9579999999997852, 1542.62
2.958999999999785, 1424.59
2.959999999999785, 3228.38
2.960999999999785, 216.244
2.961999999999785, 826.804
2.9629999999997847, 1169.87
2.9639999999997846, 2937.44
2.9649999999997845, 2408.61
2.9659999999997844, 735.135
2.9669999999997843, 1556.34
2.967999999999784, 2338.69
2.968999999999784, 3604.56
2.969999999999784, 937.388
2.970999999999784, 1731.79
2.9719999999997837, 3033.07
2.9729999999997836, -560.331
2.9739999999997835, 183.53
2.9749999999997834, 1656.81
2.9759999999997833, 3149.24
2.976999999999783, 712.129
2.977999999999783, -2257.08
2.978999999999783, -174.712
2.979999999999783, 4808.94
2.9809999999997827, -2574.9
2.9819999999997826, 1201.03
2.9829999999997825, 2848.76
2.9839999999997824, 183.142
2.9849999999997823, 1262.02
2.985999999999782, 3184.42
2.986999999999782, 3252.78
2.987999999999782, -1027.4
2.988999999999782, 1384.5
2.9899999999997817, 923.465
2.9909999999997816, 528.376
2.9919999999997815, 2492.07
2.9929999999997814, 3230.03
2.9939999999997813, 598.512
2.994999999999781, 2586.0
2.995999999999781, 1910.81
2.996999999999781, 210.98
2.997999999999781, 766.615
2.9989999999997807, 2507.45
2.9999999999997806, 1174.72
3.0009999999997805, 3179.62
3.0019999999997804, -426.689
3.0029999999997803, 770.691
3.00399999999978, 2477.35
3.00499999999978, 4840.48
3.00599999999978, 3209.08
3.00699999999978, 2895.51
3.0079999999997797, 888.89
3.0089999999997796, 3541.5
3.0099999999997795, 3272.1
3.0109999999997794, 3598.0
3.0119999999997793, -460.816
3.012999999999779, 909.717
3.013999999999779, 1340.25
3.014999999999779, 3862.85
3.015999999999779, 1089.36
3.0169999999997787, 1522.27
3.0179999999997786, 1236.73
3.0189999999997785, 1011.11
3.0199999999997784, 4015.68
3.0209999999997783, 1662.67
3.021999999999778, 1585.89
3.022999999999778, 2092.33
3.023999999999778, 67.4228
3.024999999999778, 2397.67
3.0259999999997778, 364.154
3.0269999999997776, 3452.4
3.0279999999997775, 2860.61
3.0289999999997774, 999.207
3.0299999999997773, 1073.17
3.030999999999777, 3062.77
3.031999999999777, 756.0
3.032999999999777, 1197.93
3.033999999999777, 3218.44
3.0349999999997768, 1690.45
3.0359999999997767, -155.032
3.0369999999997765, 0.0
