X,Y,Z
88.2414,0.0,-1.0010
88.2414,1.0262,-1.0010
86.1499,1.0262,-1.9729
85.9667,83.1454,-1.9775
85.4871,84.4419,-1.9763
84.7926,85.2574,-1.9738
83.6873,85.8149,-1.9787
82.1225,86.1236,-1.9738
81.4737,86.1499,-1.9729
-83.1454,85.9667,-1.9775
-84.4419,85.4871,-1.9763
-85.2574,84.7926,-1.9738
-85.8149,83.6873,-1.9787
-86.1236,82.1225,-1.9738
-86.1499,81.4737,-1.9729
-85.9667,-83.1454,-1.9775
-85.4871,-84.4419,-1.9763
-84.7926,-85.2574,-1.9738
-83.6873,-85.8149,-1.9787
-82.1225,-86.1236,-1.9738
-81.4737,-86.1499,-1.9729
82.1225,-86.1236,-1.9738
83.6873,-85.8149,-1.9787
84.7926,-85.2574,-1.9738
85.4871,-84.4419,-1.9763
85.9667,-83.1454,-1.9775
86.1499,-78.9737,-1.9729
86.1499,1.0262,-1.9729
84.6249,1.0262,-2.9448
84.4572,82.9012,-2.9530
84.1142,83.7693,-2.9479
83.7016,84.1548,-2.9494
82.7534,84.4921,-2.9520
81.4737,84.6249,-2.9448
-82.9012,84.4572,-2.9530
-83.7693,84.1142,-2.9479
-84.1548,83.7016,-2.9494
-84.4921,82.7534,-2.9520
-84.6249,81.4737,-2.9448
-84.4572,-82.9012,-2.9530
-84.1142,-83.7693,-2.9479
-83.7016,-84.1548,-2.9494
-82.7534,-84.4921,-2.9520
-81.4737,-84.6249,-2.9448
82.7534,-84.4921,-2.9520
83.7016,-84.1548,-2.9494
84.1142,-83.7693,-2.9479
84.4572,-82.9012,-2.9530
84.6249,-78.9737,-2.9448
84.6249,1.0262,-2.9448
83.4121,1.0262,-3.9167
83.2644,82.6724,-3.9290
83.1478,83.0111,-3.9265
83.1513,83.2106,-3.8167
83.0111,83.1478,-3.9265
82.1939,83.3623,-3.9224
81.4737,83.4121,-3.9167
-82.6724,83.2644,-3.9290
-83.0111,83.1478,-3.9265
-83.2106,83.1513,-3.8167
-83.1478,83.0111,-3.9265
-83.3623,82.1939,-3.9224
-83.4121,81.4737,-3.9167
-83.2644,-82.6724,-3.9290
-83.1478,-83.0111,-3.9265
-83.1513,-83.2106,-3.8167
-83.0111,-83.1478,-3.9265
-82.1939,-83.3623,-3.9224
-81.4737,-83.4121,-3.9167
82.1939,-83.3623,-3.9224
83.2106,-83.1513,-3.8167
83.2644,-82.6724,-3.9290
83.4121,-78.9737,-3.9167
83.4121,1.0262,-3.9167
82.4108,1.0262,-4.8885
82.3672,82.0837,-4.8964
82.7618,82.6545,-4.3743
82.6867,82.7763,-4.3491
82.1502,82.4191,-4.8324
82.0836,82.3672,-4.8964
81.4737,82.4108,-4.8885
-82.0837,82.3672,-4.8964
-82.6545,82.7618,-4.3743
-82.7763,82.6867,-4.3491
-82.4191,82.1502,-4.8324
-82.3672,82.0836,-4.8964
-82.4108,81.4737,-4.8885
-82.3672,-82.0837,-4.8964
-82.7618,-82.6545,-4.3743
-82.6867,-82.7763,-4.3491
-82.1502,-82.4191,-4.8324
-82.0836,-82.3672,-4.8964
-81.4737,-82.4108,-4.8885
82.0837,-82.3672,-4.8964
82.6545,-82.7618,-4.3743
82.7763,-82.6867,-4.3491
82.4191,-82.1502,-4.8324
82.4108,-81.4737,-4.8885
82.4108,1.0262,-4.8885
81.6865,1.1582,-5.7120
82.2293,82.0454,-5.0379
82.3603,82.3689,-4.7921
81.9963,82.1958,-5.0826
81.3418,81.6865,-5.7120
-82.0454,82.2293,-5.0379
-82.3689,82.3603,-4.7921
-82.1958,81.9963,-5.0826
-81.6865,81.3418,-5.7120
-82.2293,-82.0454,-5.0379
-82.3603,-82.3689,-4.7921
-81.9963,-82.1958,-5.0826
-81.3418,-81.6865,-5.7120
82.0454,-82.2293,-5.0379
82.3689,-82.3603,-4.7921
82.1958,-81.9963,-5.0826
81.6865,-81.3418,-5.7120
81.6865,1.1582,-5.7120
81.2669,-0.9222,-6.2120
81.8098,81.6258,-5.5379
81.9407,81.9494,-5.2921
81.5768,81.7763,-5.5826
80.9222,81.2669,-6.2120
-81.6258,81.8098,-5.5379
-81.9494,81.9407,-5.2921
-81.7763,81.5768,-5.5826
-81.2669,80.9222,-6.2120
-81.8098,-81.6258,-5.5379
-81.9407,-81.9494,-5.2921
-81.5768,-81.7763,-5.5826
-80.9222,-81.2669,-6.2120
81.6258,-81.8098,-5.5379
81.9494,-81.9407,-5.2921
81.7763,-81.5768,-5.5826
81.2669,-80.9222,-6.2120
81.2669,-0.9222,-6.2120
80.8474,-0.5027,-6.7120
81.3902,81.2063,-6.0379
81.5212,81.5298,-5.7921
81.1572,81.3567,-6.0826
80.5027,80.8474,-6.7120
-81.2063,81.3902,-6.0379
-81.5298,81.5212,-5.7921
-81.3567,81.1572,-6.0826
-80.8474,80.5027,-6.7120
-81.3902,-81.2063,-6.0379
-81.5212,-81.5298,-5.7921
-81.1572,-81.3567,-6.0826
-80.5027,-80.8474,-6.7120
81.2063,-81.3902,-6.0379
81.5298,-81.5212,-5.7921
81.3567,-81.1572,-6.0826
80.8474,-80.5027,-6.7120
80.8474,-0.5027,-6.7120
80.4278,-0.0831,-7.2120
80.9706,80.7867,-6.5379
81.1016,81.1103,-6.2921
80.7377,80.9372,-6.5826
80.0831,80.4278,-7.2120
-80.7867,80.9706,-6.5379
-81.1103,81.1016,-6.2921
-80.9372,80.7377,-6.5826
-80.4278,80.0831,-7.2120
-80.9706,-80.7867,-6.5379
-81.1016,-81.1103,-6.2921
-80.7377,-80.9372,-6.5826
-80.0831,-80.4278,-7.2120
80.7867,-80.9706,-6.5379
81.1103,-81.1016,-6.2921
80.9372,-80.7377,-6.5826
80.4278,-80.0831,-7.2120
80.4278,-0.0831,-7.2120
80.0083,0.3364,-7.7120
80.5511,80.3672,-7.0379
80.6821,80.6907,-6.7921
80.3181,80.5176,-7.0826
79.6636,80.0083,-7.7120
-80.3672,80.5511,-7.0379
-80.6907,80.6821,-6.7921
-80.5176,80.3181,-7.0826
-80.0083,79.6636,-7.7120
-80.5511,-80.3672,-7.0379
-80.6821,-80.6907,-6.7921
-80.3181,-80.5176,-7.0826
-79.6636,-80.0083,-7.7120
80.3672,-80.5511,-7.0379
80.6907,-80.6821,-6.7921
80.5176,-80.3181,-7.0826
80.0083,-79.6636,-7.7120
80.0083,0.3364,-7.7120
79.5887,0.7560,-8.2120
80.1316,79.9476,-7.5379
80.2625,80.2712,-7.2921
79.8986,80.0981,-7.5826
79.2440,79.5887,-8.2120
-79.9476,80.1316,-7.5379
-80.2712,80.2625,-7.2921
-80.0981,79.8986,-7.5826
-79.5887,79.2440,-8.2120
-80.1316,-79.9476,-7.5379
-80.2625,-80.2712,-7.2921
-79.8986,-80.0981,-7.5826
-79.2440,-79.5887,-8.2120
79.9476,-80.1316,-7.5379
80.2712,-80.2625,-7.2921
80.0981,-79.8986,-7.5826
79.5887,-79.2440,-8.2120
79.5887,0.7560,-8.2120
79.1692,1.1755,-8.7120
79.7120,79.5281,-8.0379
79.8430,79.8516,-7.7921
79.4790,79.6785,-8.0826
78.8245,79.1692,-8.7120
-79.5281,79.7120,-8.0379
-79.8516,79.8430,-7.7921
-79.6785,79.4790,-8.0826
-79.1692,78.8245,-8.7120
-79.7120,-79.5281,-8.0379
-79.8430,-79.8516,-7.7921
-79.4790,-79.6785,-8.0826
-78.8245,-79.1692,-8.7120
79.5281,-79.7120,-8.0379
79.8516,-79.8430,-7.7921
79.6785,-79.4790,-8.0826
79.1692,-78.8245,-8.7120
79.1692,1.1755,-8.7120
78.7496,-0.9049,-9.2120
79.2924,79.1085,-8.5379
79.4234,79.4321,-8.2921
79.0595,79.2590,-8.5826
78.4049,78.7496,-9.2120
-79.1085,79.2924,-8.5379
-79.4321,79.4234,-8.2921
-79.2590,79.0595,-8.5826
-78.7496,78.4049,-9.2120
-79.2924,-79.1085,-8.5379
-79.4234,-79.4321,-8.2921
-79.0595,-79.2590,-8.5826
-78.4049,-78.7496,-9.2120
79.1085,-79.2924,-8.5379
79.4321,-79.4234,-8.2921
79.2590,-79.0595,-8.5826
78.7496,-78.4049,-9.2120
78.7496,-0.9049,-9.2120
78.3301,-0.4854,-9.7120
78.8729,78.6890,-9.0379
79.0039,79.0125,-8.7921
78.6399,78.8394,-9.0826
77.9854,78.3301,-9.7120
-78.6890,78.8729,-9.0379
-79.0125,79.0039,-8.7921
-78.8394,78.6399,-9.0826
-78.3301,77.9854,-9.7120
-78.8729,-78.6890,-9.0379
-79.0039,-79.0125,-8.7921
-78.6399,-78.8394,-9.0826
-77.9854,-78.3301,-9.7120
78.6890,-78.8729,-9.0379
79.0125,-79.0039,-8.7921
78.8394,-78.6399,-9.0826
78.3301,-77.9854,-9.7120
78.3301,-0.4854,-9.7120
77.9105,-0.0658,-10.2120
78.4534,78.2694,-9.5379
78.5843,78.5930,-9.2921
78.2204,78.4199,-9.5826
77.5658,77.9105,-10.2120
-78.2694,78.4534,-9.5379
-78.5930,78.5843,-9.2921
-78.4199,78.2204,-9.5826
-77.9105,77.5658,-10.2120
-78.4534,-78.2694,-9.5379
-78.5843,-78.5930,-9.2921
-78.2204,-78.4199,-9.5826
-77.5658,-77.9105,-10.2120
78.2694,-78.4534,-9.5379
78.5930,-78.5843,-9.2921
78.4199,-78.2204,-9.5826
77.9105,-77.5658,-10.2120
77.9105,-0.0658,-10.2120
77.4910,0.3537,-10.7120
78.0338,77.8499,-10.0379
78.1648,78.1734,-9.7921
77.8008,78.0003,-10.0826
77.1463,77.4910,-10.7120
-77.8499,78.0338,-10.0379
-78.1734,78.1648,-9.7921
-78.0003,77.8008,-10.0826
-77.4910,77.1463,-10.7120
-78.0338,-77.8499,-10.0379
-78.1648,-78.1734,-9.7921
-77.8008,-78.0003,-10.0826
-77.1463,-77.4910,-10.7120
77.8499,-78.0338,-10.0379
78.1734,-78.1648,-9.7921
78.0003,-77.8008,-10.0826
77.4910,-77.1463,-10.7120
77.4910,0.3537,-10.7120
77.0714,0.7733,-11.2120
77.6143,77.4303,-10.5379
77.7452,77.7539,-10.2921
77.3813,77.5808,-10.5826
76.7267,77.0714,-11.2120
-77.4303,77.6143,-10.5379
-77.7539,77.7452,-10.2921
-77.5808,77.3813,-10.5826
-77.0714,76.7267,-11.2120
-77.6143,-77.4303,-10.5379
-77.7452,-77.7539,-10.2921
-77.3813,-77.5808,-10.5826
-76.7267,-77.0714,-11.2120
77.4303,-77.6143,-10.5379
77.7539,-77.7452,-10.2921
77.5808,-77.3813,-10.5826
77.0714,-76.7267,-11.2120
77.0714,0.7733,-11.2120
76.6519,1.1928,-11.7120
77.1947,77.0108,-11.0379
77.3257,77.3343,-10.7921
76.9617,77.1612,-11.0826
76.3072,76.6519,-11.7120
-77.0108,77.1947,-11.0379
-77.3343,77.3257,-10.7921
-77.1612,76.9617,-11.0826
-76.6519,76.3072,-11.7120
-77.1947,-77.0108,-11.0379
-77.3257,-77.3343,-10.7921
-76.9617,-77.1612,-11.0826
-76.3072,-76.6519,-11.7120
77.0108,-77.1947,-11.0379
77.3343,-77.3257,-10.7921
77.1612,-76.9617,-11.0826
76.6519,-76.3072,-11.7120
76.6519,1.1928,-11.7120
76.2323,-0.8876,-12.2120
76.7752,76.5912,-11.5379
76.9061,76.9148,-11.2921
76.5422,76.7417,-11.5826
75.8876,76.2323,-12.2120
-76.5912,76.7752,-11.5379
-76.9148,76.9061,-11.2921
-76.7417,76.5422,-11.5826
-76.2323,75.8876,-12.2120
-76.7752,-76.5912,-11.5379
-76.9061,-76.9148,-11.2921
-76.5422,-76.7417,-11.5826
-75.8876,-76.2323,-12.2120
76.5912,-76.7752,-11.5379
76.9148,-76.9061,-11.2921
76.7417,-76.5422,-11.5826
76.2323,-75.8876,-12.2120
76.2323,-0.8876,-12.2120
75.8128,-0.4681,-12.7120
76.3556,76.1717,-12.0379
76.4866,76.4952,-11.7921
76.1226,76.3221,-12.0826
75.4681,75.8128,-12.7120
-76.1717,76.3556,-12.0379
-76.4952,76.4866,-11.7921
-76.3221,76.1226,-12.0826
-75.8128,75.4681,-12.7120
-76.3556,-76.1717,-12.0379
-76.4866,-76.4952,-11.7921
-76.1226,-76.3221,-12.0826
-75.4681,-75.8128,-12.7120
76.1717,-76.3556,-12.0379
76.4952,-76.4866,-11.7921
76.3221,-76.1226,-12.0826
75.8128,-75.4681,-12.7120
75.8128,-0.4681,-12.7120
75.3932,-0.0485,-13.2120
75.9361,75.7521,-12.5379
76.0670,76.0757,-12.2921
75.7031,75.9026,-12.5826
75.0485,75.3932,-13.2120
-75.7521,75.9361,-12.5379
-76.0757,76.0670,-12.2921
-75.9026,75.7031,-12.5826
-75.3932,75.0485,-13.2120
-75.9361,-75.7521,-12.5379
-76.0670,-76.0757,-12.2921
-75.7031,-75.9026,-12.5826
-75.0485,-75.3932,-13.2120
75.7521,-75.9361,-12.5379
76.0757,-76.0670,-12.2921
75.9026,-75.7031,-12.5826
75.3932,-75.0485,-13.2120
75.3932,-0.0485,-13.2120
74.9737,0.3710,-13.7120
75.5165,75.3326,-13.0379
75.6475,75.6561,-12.7921
75.2835,75.4830,-13.0826
74.6290,74.9737,-13.7120
-75.3326,75.5165,-13.0379
-75.6561,75.6475,-12.7921
-75.4830,75.2835,-13.0826
-74.9737,74.6290,-13.7120
-75.5165,-75.3326,-13.0379
-75.6475,-75.6561,-12.7921
-75.2835,-75.4830,-13.0826
-74.6290,-74.9737,-13.7120
75.3326,-75.5165,-13.0379
75.6561,-75.6475,-12.7921
75.4830,-75.2835,-13.0826
74.9737,-74.6290,-13.7120
74.9737,0.3710,-13.7120
74.5541,0.7906,-14.2120
75.0970,74.9130,-13.5379
75.2279,75.2366,-13.2921
74.8640,75.0635,-13.5826
74.2094,74.5541,-14.2120
-74.9130,75.0970,-13.5379
-75.2366,75.2279,-13.2921
-75.0635,74.8640,-13.5826
-74.5541,74.2094,-14.2120
-75.0970,-74.9130,-13.5379
-75.2279,-75.2366,-13.2921
-74.8640,-75.0635,-13.5826
-74.2094,-74.5541,-14.2120
74.9130,-75.0970,-13.5379
75.2366,-75.2279,-13.2921
75.0635,-74.8640,-13.5826
74.5541,-74.2094,-14.2120
74.5541,0.7906,-14.2120
74.1346,1.2101,-14.7120
74.6774,74.4935,-14.0379
74.8084,74.8170,-13.7921
74.4444,74.6439,-14.0826
73.7899,74.1346,-14.7120
-74.4935,74.6774,-14.0379
-74.8170,74.8084,-13.7921
-74.6439,74.4444,-14.0826
-74.1346,73.7899,-14.7120
-74.6774,-74.4935,-14.0379
-74.8084,-74.8170,-13.7921
-74.4444,-74.6439,-14.0826
-73.7899,-74.1346,-14.7120
74.4935,-74.6774,-14.0379
74.8170,-74.8084,-13.7921
74.6439,-74.4444,-14.0826
74.1346,-73.7899,-14.7120
74.1346,1.2101,-14.7120
73.7150,-0.8703,-15.2120
74.2579,74.0739,-14.5379
74.3888,74.3975,-14.2921
74.0249,74.2244,-14.5826
73.3703,73.7150,-15.2120
-74.0739,74.2579,-14.5379
-74.3975,74.3888,-14.2921
-74.2244,74.0249,-14.5826
-73.7150,73.3703,-15.2120
-74.2579,-74.0739,-14.5379
-74.3888,-74.3975,-14.2921
-74.0249,-74.2244,-14.5826
-73.3703,-73.7150,-15.2120
74.0739,-74.2579,-14.5379
74.3975,-74.3888,-14.2921
74.2244,-74.0249,-14.5826
73.7150,-73.3703,-15.2120
73.7150,-0.8703,-15.2120
73.2955,-0.4508,-15.7120
73.8383,73.6544,-15.0379
73.9693,73.9779,-14.7921
73.6053,73.8048,-15.0826
72.9508,73.2955,-15.7120
-73.6544,73.8383,-15.0379
-73.9779,73.9693,-14.7921
-73.8048,73.6053,-15.0826
-73.2955,72.9508,-15.7120
-73.8383,-73.6544,-15.0379
-73.9693,-73.9779,-14.7921
-73.6053,-73.8048,-15.0826
-72.9508,-73.2955,-15.7120
73.6544,-73.8383,-15.0379
73.9779,-73.9693,-14.7921
73.8048,-73.6053,-15.0826
73.2955,-72.9508,-15.7120
73.2955,-0.4508,-15.7120
72.8759,-0.0312,-16.2120
73.4188,73.2348,-15.5379
73.5497,73.5584,-15.2921
73.1858,73.3853,-15.5826
72.5312,72.8759,-16.2120
-73.2348,73.4188,-15.5379
-73.5584,73.5497,-15.2921
-73.3853,73.1858,-15.5826
-72.8759,72.5312,-16.2120
-73.4188,-73.2348,-15.5379
-73.5497,-73.5584,-15.2921
-73.1858,-73.3853,-15.5826
-72.5312,-72.8759,-16.2120
73.2348,-73.4188,-15.5379
73.5584,-73.5497,-15.2921
73.3853,-73.1858,-15.5826
72.8759,-72.5312,-16.2120
72.8759,-0.0312,-16.2120
72.4564,0.3883,-16.7120
72.9992,72.8153,-16.0379
73.1302,73.1388,-15.7921
72.7663,72.9657,-16.0826
72.1117,72.4564,-16.7120
-72.8153,72.9992,-16.0379
-73.1388,73.1302,-15.7921
-72.9657,72.7663,-16.0826
-72.4564,72.1117,-16.7120
-72.9992,-72.8153,-16.0379
-73.1302,-73.1388,-15.7921
-72.7663,-72.9657,-16.0826
-72.1117,-72.4564,-16.7120
72.8153,-72.9992,-16.0379
73.1388,-73.1302,-15.7921
72.9657,-72.7663,-16.0826
72.4564,-72.1117,-16.7120
72.4564,0.3883,-16.7120
72.0368,0.8079,-17.2120
72.5797,72.3957,-16.5379
72.7106,72.7193,-16.2921
72.3467,72.5462,-16.5826
71.6921,72.0368,-17.2120
-72.3957,72.5797,-16.5379
-72.7193,72.7106,-16.2921
-72.5462,72.3467,-16.5826
-72.0368,71.6921,-17.2120
-72.5797,-72.3957,-16.5379
-72.7106,-72.7193,-16.2921
-72.3467,-72.5462,-16.5826
-71.6921,-72.0368,-17.2120
72.3957,-72.5797,-16.5379
72.7193,-72.7106,-16.2921
72.5462,-72.3467,-16.5826
72.0368,-71.6921,-17.2120
72.0368,0.8079,-17.2120
71.6173,1.2274,-17.7120
72.1601,71.9762,-17.0379
72.2911,72.2997,-16.7921
71.9271,72.1266,-17.0826
71.2726,71.6173,-17.7120
-71.9762,72.1601,-17.0379
-72.2997,72.2911,-16.7921
-72.1266,71.9271,-17.0826
-71.6173,71.2726,-17.7120
-72.1601,-71.9762,-17.0379
-72.2911,-72.2997,-16.7921
-71.9271,-72.1266,-17.0826
-71.2726,-71.6173,-17.7120
71.9762,-72.1601,-17.0379
72.2997,-72.2911,-16.7921
72.1266,-71.9271,-17.0826
71.6173,-71.2726,-17.7120
71.6173,1.2274,-17.7120
71.1977,-0.8530,-18.2120
71.7406,71.5566,-17.5379
71.8715,71.8802,-17.2921
71.5076,71.7071,-17.5826
70.8530,71.1977,-18.2120
-71.5566,71.7406,-17.5379
-71.8802,71.8715,-17.2921
-71.7071,71.5076,-17.5826
-71.1977,70.8530,-18.2120
-71.7406,-71.5566,-17.5379
-71.8715,-71.8802,-17.2921
-71.5076,-71.7071,-17.5826
-70.8530,-71.1977,-18.2120
71.5566,-71.7406,-17.5379
71.8802,-71.8715,-17.2921
71.7071,-71.5076,-17.5826
71.1977,-70.8530,-18.2120
71.1977,-0.8530,-18.2120
70.7782,-0.4335,-18.7120
71.3210,71.1371,-18.0379
71.4520,71.4606,-17.7921
71.0881,71.2875,-18.0826
70.4335,70.7782,-18.7120
-71.1371,71.3210,-18.0379
-71.4606,71.4520,-17.7921
-71.2875,71.0881,-18.0826
-70.7782,70.4335,-18.7120
-71.3210,-71.1371,-18.0379
-71.4520,-71.4606,-17.7921
-71.0881,-71.2875,-18.0826
-70.4335,-70.7782,-18.7120
71.1371,-71.3210,-18.0379
71.4606,-71.4520,-17.7921
71.2875,-71.0881,-18.0826
70.7782,-70.4335,-18.7120
70.7782,-0.4335,-18.7120
70.3586,-0.0139,-19.2120
70.9015,70.7175,-18.5379
71.0324,71.0411,-18.2921
70.6685,70.8680,-18.5826
70.0139,70.3586,-19.2120
-70.7175,70.9015,-18.5379
-71.0411,71.0324,-18.2921
-70.8680,70.6685,-18.5826
-70.3586,70.0139,-19.2120
-70.9015,-70.7175,-18.5379
-71.0324,-71.0411,-18.2921
-70.6685,-70.8680,-18.5826
-70.0139,-70.3586,-19.2120
70.7175,-70.9015,-18.5379
71.0411,-71.0324,-18.2921
70.8680,-70.6685,-18.5826
70.3586,-70.0139,-19.2120
70.3586,-0.0139,-19.2120
69.9391,0.4056,-19.7120
70.4819,70.2980,-19.0379
70.6129,70.6215,-18.7921
70.2489,70.4484,-19.0826
69.5944,69.9391,-19.7120
-70.2980,70.4819,-19.0379
-70.6215,70.6129,-18.7921
-70.4484,70.2489,-19.0826
-69.9391,69.5944,-19.7120
-70.4819,-70.2980,-19.0379
-70.6129,-70.6215,-18.7921
-70.2489,-70.4484,-19.0826
-69.5944,-69.9391,-19.7120
70.2980,-70.4819,-19.0379
70.6215,-70.6129,-18.7921
70.4484,-70.2489,-19.0826
69.9391,-69.5944,-19.7120
69.9391,0.4056,-19.7120
69.5195,0.8252,-20.2120
70.0624,69.8784,-19.5379
70.1933,70.2020,-19.2921
69.8294,70.0289,-19.5826
69.1748,69.5195,-20.2120
-69.8784,70.0624,-19.5379
-70.2020,70.1933,-19.2921
-70.0289,69.8294,-19.5826
-69.5195,69.1748,-20.2120
-70.0624,-69.8784,-19.5379
-70.1933,-70.2020,-19.2921
-69.8294,-70.0289,-19.5826
-69.1748,-69.5195,-20.2120
69.8784,-70.0624,-19.5379
70.2020,-70.1933,-19.2921
70.0289,-69.8294,-19.5826
69.5195,-69.1748,-20.2120
69.5195,0.8252,-20.2120
69.1000,1.2447,-20.7120
69.6428,69.4589,-20.0379
69.7738,69.7824,-19.7921
69.4099,69.6093,-20.0826
68.7553,69.1000,-20.7120
-69.4589,69.6428,-20.0379
-69.7824,69.7738,-19.7921
-69.6093,69.4099,-20.0826
-69.1000,68.7553,-20.7120
-69.6428,-69.4589,-20.0379
-69.7738,-69.7824,-19.7921
-69.4099,-69.6093,-20.0826
-68.7553,-69.1000,-20.7120
69.4589,-69.6428,-20.0379
69.7824,-69.7738,-19.7921
69.6093,-69.4099,-20.0826
69.1000,-68.7553,-20.7120
69.1000,1.2447,-20.7120
68.6804,-0.8357,-21.2120
69.2233,69.0393,-20.5379
69.3542,69.3629,-20.2921
68.9903,69.1898,-20.5826
68.3357,68.6804,-21.2120
-69.0393,69.2233,-20.5379
-69.3629,69.3542,-20.2921
-69.1898,68.9903,-20.5826
-68.6804,68.3357,-21.2120
-69.2233,-69.0393,-20.5379
-69.3542,-69.3629,-20.2921
-68.9903,-69.1898,-20.5826
-68.3357,-68.6804,-21.2120
69.0393,-69.2233,-20.5379
69.3629,-69.3542,-20.2921
69.1898,-68.9903,-20.5826
68.6804,-68.3357,-21.2120
68.6804,-0.8357,-21.2120
68.2609,-0.4162,-21.7120
68.8037,68.6198,-21.0379
68.9347,68.9433,-20.7921
68.5707,68.7702,-21.0826
67.9162,68.2609,-21.7120
-68.6198,68.8037,-21.0379
-68.9433,68.9347,-20.7921
-68.7702,68.5707,-21.0826
-68.2609,67.9162,-21.7120
-68.8037,-68.6198,-21.0379
-68.9347,-68.9433,-20.7921
-68.5707,-68.7702,-21.0826
-67.9162,-68.2609,-21.7120
68.6198,-68.8037,-21.0379
68.9433,-68.9347,-20.7921
68.7702,-68.5707,-21.0826
68.2609,-67.9162,-21.7120
68.2609,-0.4162,-21.7120
67.8413,0.0034,-22.2120
68.3842,68.2002,-21.5379
68.5151,68.5238,-21.2921
68.1512,68.3507,-21.5826
67.4966,67.8413,-22.2120
-68.2002,68.3842,-21.5379
-68.5238,68.5151,-21.2921
-68.3507,68.1512,-21.5826
-67.8413,67.4966,-22.2120
-68.3842,-68.2002,-21.5379
-68.5151,-68.5238,-21.2921
-68.1512,-68.3507,-21.5826
-67.4966,-67.8413,-22.2120
68.2002,-68.3842,-21.5379
68.5238,-68.5151,-21.2921
68.3507,-68.1512,-21.5826
67.8413,-67.4966,-22.2120
67.8413,0.0034,-22.2120
67.4218,0.4229,-22.7120
67.9646,67.7807,-22.0379
68.0956,68.1042,-21.7921
67.7317,67.9311,-22.0826
67.0771,67.4218,-22.7120
-67.7807,67.9646,-22.0379
-68.1042,68.0956,-21.7921
-67.9311,67.7317,-22.0826
-67.4218,67.0771,-22.7120
-67.9646,-67.7807,-22.0379
-68.0956,-68.1042,-21.7921
-67.7317,-67.9311,-22.0826
-67.0771,-67.4218,-22.7120
67.7807,-67.9646,-22.0379
68.1042,-68.0956,-21.7921
67.9311,-67.7317,-22.0826
67.4218,-67.0771,-22.7120
67.4218,0.4229,-22.7120
67.0022,0.8425,-23.2120
67.5451,67.3611,-22.5379
67.6760,67.6847,-22.2921
67.3121,67.5116,-22.5826
66.6575,67.0022,-23.2120
-67.3611,67.5451,-22.5379
-67.6847,67.6760,-22.2921
-67.5116,67.3121,-22.5826
-67.0022,66.6575,-23.2120
-67.5451,-67.3611,-22.5379
-67.6760,-67.6847,-22.2921
-67.3121,-67.5116,-22.5826
-66.6575,-67.0022,-23.2120
67.3611,-67.5451,-22.5379
67.6847,-67.6760,-22.2921
67.5116,-67.3121,-22.5826
67.0022,-66.6575,-23.2120
67.0022,0.8425,-23.2120
66.5827,-1.2380,-23.7120
67.1255,66.9416,-23.0379
67.2565,67.2651,-22.7921
66.8925,67.0920,-23.0826
66.2380,66.5827,-23.7120
-66.9416,67.1255,-23.0379
-67.2651,67.2565,-22.7921
-67.0920,66.8925,-23.0826
-66.5827,66.2380,-23.7120
-67.1255,-66.9416,-23.0379
-67.2565,-67.2651,-22.7921
-66.8925,-67.0920,-23.0826
-66.2380,-66.5827,-23.7120
66.9416,-67.1255,-23.0379
67.2651,-67.2565,-22.7921
67.0920,-66.8925,-23.0826
66.5827,-66.2380,-23.7120
66.5827,-1.2380,-23.7120
66.1631,-0.8184,-24.2120
66.7060,66.5220,-23.5379
66.8369,66.8456,-23.2921
66.4730,66.6725,-23.5826
65.8184,66.1631,-24.2120
-66.5220,66.7060,-23.5379
-66.8456,66.8369,-23.2921
-66.6725,66.4730,-23.5826
-66.1631,65.8184,-24.2120
-66.7060,-66.5220,-23.5379
-66.8369,-66.8456,-23.2921
-66.4730,-66.6725,-23.5826
-65.8184,-66.1631,-24.2120
66.5220,-66.7060,-23.5379
66.8456,-66.8369,-23.2921
66.6725,-66.4730,-23.5826
66.1631,-65.8184,-24.2120
66.1631,-0.8184,-24.2120
65.7436,-0.3989,-24.7120
66.2864,66.1025,-24.0379
66.4174,66.4260,-23.7921
66.0535,66.2529,-24.0826
65.3989,65.7436,-24.7120
-66.1025,66.2864,-24.0379
-66.4260,66.4174,-23.7921
-66.2529,66.0535,-24.0826
-65.7436,65.3989,-24.7120
-66.2864,-66.1025,-24.0379
-66.4174,-66.4260,-23.7921
-66.0535,-66.2529,-24.0826
-65.3989,-65.7436,-24.7120
66.1025,-66.2864,-24.0379
66.4260,-66.4174,-23.7921
66.2529,-66.0535,-24.0826
65.7436,-65.3989,-24.7120
65.7436,-0.3989,-24.7120
65.3240,0.0207,-25.2120
65.8669,65.6830,-24.5379
65.9978,66.0065,-24.2921
65.6339,65.8334,-24.5826
64.9793,65.3240,-25.2120
-65.6830,65.8669,-24.5379
-66.0065,65.9978,-24.2921
-65.8334,65.6339,-24.5826
-65.3240,64.9793,-25.2120
-65.8669,-65.6830,-24.5379
-65.9978,-66.0065,-24.2921
-65.6339,-65.8334,-24.5826
-64.9793,-65.3240,-25.2120
65.6830,-65.8669,-24.5379
66.0065,-65.9978,-24.2921
65.8334,-65.6339,-24.5826
65.3240,-64.9793,-25.2120
65.3240,0.0207,-25.2120
64.9045,0.4402,-25.7120
65.4473,65.2634,-25.0379
65.5783,65.5869,-24.7921
65.2143,65.4138,-25.0826
64.5598,64.9045,-25.7120
-65.2634,65.4473,-25.0379
-65.5869,65.5783,-24.7921
-65.4138,65.2143,-25.0826
-64.9045,64.5598,-25.7120
-65.4473,-65.2634,-25.0379
-65.5783,-65.5869,-24.7921
-65.2143,-65.4138,-25.0826
-64.5598,-64.9045,-25.7120
65.2634,-65.4473,-25.0379
65.5869,-65.5783,-24.7921
65.4138,-65.2143,-25.0826
64.9045,-64.5598,-25.7120
64.9045,0.4402,-25.7120
64.4849,0.8598,-26.2120
65.0278,64.8438,-25.5379
65.1587,65.1674,-25.2921
64.7948,64.9943,-25.5826
64.1402,64.4849,-26.2120
-64.8438,65.0278,-25.5379
-65.1674,65.1587,-25.2921
-64.9943,64.7948,-25.5826
-64.4849,64.1402,-26.2120
-65.0278,-64.8438,-25.5379
-65.1587,-65.1674,-25.2921
-64.7948,-64.9943,-25.5826
-64.1402,-64.4849,-26.2120
64.8438,-65.0278,-25.5379
65.1674,-65.1587,-25.2921
64.9943,-64.7948,-25.5826
64.4849,-64.1402,-26.2120
64.4849,0.8598,-26.2120
64.0654,-1.2207,-26.7120
64.6082,64.4243,-26.0379
64.7392,64.7478,-25.7921
64.3753,64.5747,-26.0826
63.7207,64.0654,-26.7120
-64.4243,64.6082,-26.0379
-64.7478,64.7392,-25.7921
-64.5747,64.3753,-26.0826
-64.0654,63.7207,-26.7120
-64.6082,-64.4243,-26.0379
-64.7392,-64.7478,-25.7921
-64.3753,-64.5747,-26.0826
-63.7207,-64.0654,-26.7120
64.4243,-64.6082,-26.0379
64.7478,-64.7392,-25.7921
64.5747,-64.3753,-26.0826
64.0654,-63.7207,-26.7120
64.0654,-1.2207,-26.7120
63.6458,-0.8011,-27.2120
64.1887,64.0048,-26.5379
64.3196,64.3283,-26.2921
63.9557,64.1552,-26.5826
63.3011,63.6458,-27.2120
-64.0048,64.1887,-26.5379
-64.3283,64.3196,-26.2921
-64.1552,63.9557,-26.5826
-63.6458,63.3011,-27.2120
-64.1887,-64.0048,-26.5379
-64.3196,-64.3283,-26.2921
-63.9557,-64.1552,-26.5826
-63.3011,-63.6458,-27.2120
64.0048,-64.1887,-26.5379
64.3283,-64.3196,-26.2921
64.1552,-63.9557,-26.5826
63.6458,-63.3011,-27.2120
63.6458,-0.8011,-27.2120
63.2263,-0.3816,-27.7120
63.7691,63.5852,-27.0379
63.9001,63.9087,-26.7921
63.5361,63.7356,-27.0826
62.8816,63.2263,-27.7120
-63.5852,63.7691,-27.0379
-63.9087,63.9001,-26.7921
-63.7356,63.5361,-27.0826
-63.2263,62.8816,-27.7120
-63.7691,-63.5852,-27.0379
-63.9001,-63.9087,-26.7921
-63.5361,-63.7356,-27.0826
-62.8816,-63.2263,-27.7120
63.5852,-63.7691,-27.0379
63.9087,-63.9001,-26.7921
63.7356,-63.5361,-27.0826
63.2263,-62.8816,-27.7120
63.2263,-0.3816,-27.7120
62.8067,0.0380,-28.2120
63.3496,63.1657,-27.5379
63.4805,63.4892,-27.2921
63.1166,63.3161,-27.5826
62.4620,62.8067,-28.2120
-63.1657,63.3496,-27.5379
-63.4892,63.4805,-27.2921
-63.3161,63.1166,-27.5826
-62.8067,62.4620,-28.2120
-63.3496,-63.1657,-27.5379
-63.4805,-63.4892,-27.2921
-63.1166,-63.3161,-27.5826
-62.4620,-62.8067,-28.2120
63.1657,-63.3496,-27.5379
63.4892,-63.4805,-27.2921
63.3161,-63.1166,-27.5826
62.8067,-62.4620,-28.2120
62.8067,0.0380,-28.2120
62.3872,0.4575,-28.7120
62.9300,62.7461,-28.0379
63.0610,63.0696,-27.7921
62.6971,62.8965,-28.0826
62.0425,62.3872,-28.7120
-62.7461,62.9300,-28.0379
-63.0696,63.0610,-27.7921
-62.8965,62.6971,-28.0826
-62.3872,62.0425,-28.7120
-62.9300,-62.7461,-28.0379
-63.0610,-63.0696,-27.7921
-62.6971,-62.8965,-28.0826
-62.0425,-62.3872,-28.7120
62.7461,-62.9300,-28.0379
63.0696,-63.0610,-27.7921
62.8965,-62.6971,-28.0826
62.3872,-62.0425,-28.7120
62.3872,0.4575,-28.7120
61.9676,0.8771,-29.2120
62.5105,62.3266,-28.5379
62.6414,62.6501,-28.2921
62.2775,62.4770,-28.5826
61.6229,61.9676,-29.2120
-62.3266,62.5105,-28.5379
-62.6501,62.6414,-28.2921
-62.4770,62.2775,-28.5826
-61.9676,61.6229,-29.2120
-62.5105,-62.3266,-28.5379
-62.6414,-62.6501,-28.2921
-62.2775,-62.4770,-28.5826
-61.6229,-61.9676,-29.2120
62.3266,-62.5105,-28.5379
62.6501,-62.6414,-28.2921
62.4770,-62.2775,-28.5826
61.9676,-61.6229,-29.2120
61.9676,0.8771,-29.2120
61.5481,-1.2034,-29.7120
62.0909,61.9070,-29.0379
62.2219,62.2306,-28.7921
61.8580,62.0574,-29.0826
61.2034,61.5481,-29.7120
-61.9070,62.0909,-29.0379
-62.2306,62.2219,-28.7921
-62.0574,61.8580,-29.0826
-61.5481,61.2034,-29.7120
-62.0909,-61.9070,-29.0379
-62.2219,-62.2306,-28.7921
-61.8580,-62.0574,-29.0826
-61.2034,-61.5481,-29.7120
61.9070,-62.0909,-29.0379
62.2306,-62.2219,-28.7921
62.0574,-61.8580,-29.0826
61.5481,-61.2034,-29.7120
61.5481,-1.2034,-29.7120
61.1285,-0.7838,-30.2120
61.6714,61.4875,-29.5379
61.8023,61.8110,-29.2921
61.4384,61.6379,-29.5826
60.7838,61.1285,-30.2120
-61.4875,61.6714,-29.5379
-61.8110,61.8023,-29.2921
-61.6379,61.4384,-29.5826
-61.1285,60.7838,-30.2120
-61.6714,-61.4875,-29.5379
-61.8023,-61.8110,-29.2921
-61.4384,-61.6379,-29.5826
-60.7838,-61.1285,-30.2120
61.4875,-61.6714,-29.5379
61.8110,-61.8023,-29.2921
61.6379,-61.4384,-29.5826
61.1285,-60.7838,-30.2120
61.1285,-0.7838,-30.2120
60.7090,-0.3643,-30.7120
61.2518,61.0679,-30.0379
61.3828,61.3914,-29.7921
61.0189,61.2183,-30.0826
60.3643,60.7090,-30.7120
-61.0679,61.2518,-30.0379
-61.3914,61.3828,-29.7921
-61.2183,61.0189,-30.0826
-60.7090,60.3643,-30.7120
-61.2518,-61.0679,-30.0379
-61.3828,-61.3914,-29.7921
-61.0189,-61.2183,-30.0826
-60.3643,-60.7090,-30.7120
61.0679,-61.2518,-30.0379
61.3914,-61.3828,-29.7921
61.2183,-61.0189,-30.0826
60.7090,-60.3643,-30.7120
60.7090,-0.3643,-30.7120
60.2894,0.0553,-31.2120
60.8323,60.6484,-30.5379
60.9632,60.9719,-30.2921
60.5993,60.7988,-30.5826
59.9447,60.2894,-31.2120
-60.6484,60.8323,-30.5379
-60.9719,60.9632,-30.2921
-60.7988,60.5993,-30.5826
-60.2894,59.9447,-31.2120
-60.8323,-60.6484,-30.5379
-60.9632,-60.9719,-30.2921
-60.5993,-60.7988,-30.5826
-59.9447,-60.2894,-31.2120
60.6484,-60.8323,-30.5379
60.9719,-60.9632,-30.2921
60.7988,-60.5993,-30.5826
60.2894,-59.9447,-31.2120
60.2894,0.0553,-31.2120
59.8699,0.4748,-31.7120
60.4127,60.2288,-31.0379
60.5437,60.5524,-30.7921
60.1798,60.3792,-31.0826
59.5252,59.8699,-31.7120
-60.2288,60.4127,-31.0379
-60.5524,60.5437,-30.7921
-60.3792,60.1798,-31.0826
-59.8699,59.5252,-31.7120
-60.4127,-60.2288,-31.0379
-60.5437,-60.5524,-30.7921
-60.1798,-60.3792,-31.0826
-59.5252,-59.8699,-31.7120
60.2288,-60.4127,-31.0379
60.5524,-60.5437,-30.7921
60.3792,-60.1798,-31.0826
59.8699,-59.5252,-31.7120
59.8699,0.4748,-31.7120
59.4503,0.8944,-32.2120
59.9932,59.8093,-31.5379
60.1241,60.1328,-31.2921
59.7602,59.9597,-31.5826
59.1056,59.4503,-32.2120
-59.8093,59.9932,-31.5379
-60.1328,60.1241,-31.2921
-59.9597,59.7602,-31.5826
-59.4503,59.1056,-32.2120
-59.9932,-59.8093,-31.5379
-60.1241,-60.1328,-31.2921
-59.7602,-59.9597,-31.5826
-59.1056,-59.4503,-32.2120
59.8093,-59.9932,-31.5379
60.1328,-60.1241,-31.2921
59.9597,-59.7602,-31.5826
59.4503,-59.1056,-32.2120
59.4503,0.8944,-32.2120
59.0308,-1.1861,-32.7120
59.5736,59.3897,-32.0379
59.7046,59.7132,-31.7921
59.3407,59.5401,-32.0826
58.6861,59.0308,-32.7120
-59.3897,59.5736,-32.0379
-59.7132,59.7046,-31.7921
-59.5401,59.3407,-32.0826
-59.0308,58.6861,-32.7120
-59.5736,-59.3897,-32.0379
-59.7046,-59.7132,-31.7921
-59.3407,-59.5401,-32.0826
-58.6861,-59.0308,-32.7120
59.3897,-59.5736,-32.0379
59.7132,-59.7046,-31.7921
59.5401,-59.3407,-32.0826
59.0308,-58.6861,-32.7120
59.0308,-1.1861,-32.7120
58.6112,-0.7665,-33.2120
59.1541,58.9702,-32.5379
59.2850,59.2937,-32.2921
58.9211,59.1206,-32.5826
58.2665,58.6112,-33.2120
-58.9702,59.1541,-32.5379
-59.2937,59.2850,-32.2921
-59.1206,58.9211,-32.5826
-58.6112,58.2665,-33.2120
-59.1541,-58.9702,-32.5379
-59.2850,-59.2937,-32.2921
-58.9211,-59.1206,-32.5826
-58.2665,-58.6112,-33.2120
58.9702,-59.1541,-32.5379
59.2937,-59.2850,-32.2921
59.1206,-58.9211,-32.5826
58.6112,-58.2665,-33.2120
58.6112,-0.7665,-33.2120
58.1917,-0.3470,-33.7120
58.7345,58.5506,-33.0379
58.8655,58.8741,-32.7921
58.5016,58.7010,-33.0826
57.8470,58.1917,-33.7120
-58.5506,58.7345,-33.0379
-58.8741,58.8655,-32.7921
-58.7010,58.5016,-33.0826
-58.1917,57.8470,-33.7120
-58.7345,-58.5506,-33.0379
-58.8655,-58.8741,-32.7921
-58.5016,-58.7010,-33.0826
-57.8470,-58.1917,-33.7120
58.5506,-58.7345,-33.0379
58.8741,-58.8655,-32.7921
58.7010,-58.5016,-33.0826
58.1917,-57.8470,-33.7120
58.1917,-0.3470,-33.7120
57.7721,0.0726,-34.2120
58.3150,58.1311,-33.5379
58.4459,58.4546,-33.2921
58.0820,58.2815,-33.5826
57.4274,57.7721,-34.2120
-58.1311,58.3150,-33.5379
-58.4546,58.4459,-33.2921
-58.2815,58.0820,-33.5826
-57.7721,57.4274,-34.2120
-58.3150,-58.1311,-33.5379
-58.4459,-58.4546,-33.2921
-58.0820,-58.2815,-33.5826
-57.4274,-57.7721,-34.2120
58.1311,-58.3150,-33.5379
58.4546,-58.4459,-33.2921
58.2815,-58.0820,-33.5826
57.7721,-57.4274,-34.2120
57.7721,0.0726,-34.2120
57.3526,0.4921,-34.7120
57.8954,57.7115,-34.0379
58.0264,58.0350,-33.7921
57.6625,57.8619,-34.0826
57.0079,57.3526,-34.7120
-57.7115,57.8954,-34.0379
-58.0350,58.0264,-33.7921
-57.8619,57.6625,-34.0826
-57.3526,57.0079,-34.7120
-57.8954,-57.7115,-34.0379
-58.0264,-58.0350,-33.7921
-57.6625,-57.8619,-34.0826
-57.0079,-57.3526,-34.7120
57.7115,-57.8954,-34.0379
58.0350,-58.0264,-33.7921
57.8619,-57.6625,-34.0826
57.3526,-57.0079,-34.7120
57.3526,0.4921,-34.7120
56.9330,0.9117,-35.2120
57.4759,57.2920,-34.5379
57.6068,57.6155,-34.2921
57.2429,57.4424,-34.5826
56.5883,56.9330,-35.2120
-57.2920,57.4759,-34.5379
-57.6155,57.6068,-34.2921
-57.4424,57.2429,-34.5826
-56.9330,56.5883,-35.2120
-57.4759,-57.2920,-34.5379
-57.6068,-57.6155,-34.2921
-57.2429,-57.4424,-34.5826
-56.5883,-56.9330,-35.2120
57.2920,-57.4759,-34.5379
57.6155,-57.6068,-34.2921
57.4424,-57.2429,-34.5826
56.9330,-56.5883,-35.2120
56.9330,0.9117,-35.2120
56.5135,-1.1688,-35.7120
57.0563,56.8724,-35.0379
57.1873,57.1959,-34.7921
56.8234,57.0228,-35.0826
56.1688,56.5135,-35.7120
-56.8724,57.0563,-35.0379
-57.1959,57.1873,-34.7921
-57.0228,56.8234,-35.0826
-56.5135,56.1688,-35.7120
-57.0563,-56.8724,-35.0379
-57.1873,-57.1959,-34.7921
-56.8234,-57.0228,-35.0826
-56.1688,-56.5135,-35.7120
56.8724,-57.0563,-35.0379
57.1959,-57.1873,-34.7921
57.0228,-56.8234,-35.0826
56.5135,-56.1688,-35.7120
56.5135,-1.1688,-35.7120
56.0939,-0.7492,-36.2120
56.6368,56.4529,-35.5379
56.7677,56.7764,-35.2921
56.4038,56.6033,-35.5826
55.7492,56.0939,-36.2120
-56.4529,56.6368,-35.5379
-56.7764,56.7677,-35.2921
-56.6033,56.4038,-35.5826
-56.0939,55.7492,-36.2120
-56.6368,-56.4529,-35.5379
-56.7677,-56.7764,-35.2921
-56.4038,-56.6033,-35.5826
-55.7492,-56.0939,-36.2120
56.4529,-56.6368,-35.5379
56.7764,-56.7677,-35.2921
56.6033,-56.4038,-35.5826
56.0939,-55.7492,-36.2120
56.0939,-0.7492,-36.2120
55.6744,-0.3297,-36.7120
56.2172,56.0333,-36.0379
56.3482,56.3568,-35.7921
55.9843,56.1837,-36.0826
55.3297,55.6744,-36.7120
-56.0333,56.2172,-36.0379
-56.3568,56.3482,-35.7921
-56.1837,55.9843,-36.0826
-55.6744,55.3297,-36.7120
-56.2172,-56.0333,-36.0379
-56.3482,-56.3568,-35.7921
-55.9843,-56.1837,-36.0826
-55.3297,-55.6744,-36.7120
56.0333,-56.2172,-36.0379
56.3568,-56.3482,-35.7921
56.1837,-55.9843,-36.0826
55.6744,-55.3297,-36.7120
55.6744,-0.3297,-36.7120
55.2548,0.0899,-37.2120
55.7977,55.6138,-36.5379
55.9286,55.9373,-36.2921
55.5647,55.7642,-36.5826
54.9101,55.2548,-37.2120
-55.6138,55.7977,-36.5379
-55.9373,55.9286,-36.2921
-55.7642,55.5647,-36.5826
-55.2548,54.9101,-37.2120
-55.7977,-55.6138,-36.5379
-55.9286,-55.9373,-36.2921
-55.5647,-55.7642,-36.5826
-54.9101,-55.2548,-37.2120
55.6138,-55.7977,-36.5379
55.9373,-55.9286,-36.2921
55.7642,-55.5647,-36.5826
55.2548,-54.9101,-37.2120
55.2548,0.0899,-37.2120
54.8353,0.5094,-37.7120
55.3781,55.1942,-37.0379
55.5091,55.5178,-36.7921
55.1452,55.3446,-37.0826
54.4906,54.8353,-37.7120
-55.1942,55.3781,-37.0379
-55.5178,55.5091,-36.7921
-55.3446,55.1452,-37.0826
-54.8353,54.4906,-37.7120
-55.3781,-55.1942,-37.0379
-55.5091,-55.5178,-36.7921
-55.1452,-55.3446,-37.0826
-54.4906,-54.8353,-37.7120
55.1942,-55.3781,-37.0379
55.5178,-55.5091,-36.7921
55.3446,-55.1452,-37.0826
54.8353,-54.4906,-37.7120
54.8353,0.5094,-37.7120
54.4157,0.9290,-38.2120
54.9586,54.7747,-37.5379
55.0895,55.0982,-37.2921
54.7256,54.9251,-37.5826
54.0710,54.4157,-38.2120
-54.7747,54.9586,-37.5379
-55.0982,55.0895,-37.2921
-54.9251,54.7256,-37.5826
-54.4157,54.0710,-38.2120
-54.9586,-54.7747,-37.5379
-55.0895,-55.0982,-37.2921
-54.7256,-54.9251,-37.5826
-54.0710,-54.4157,-38.2120
54.7747,-54.9586,-37.5379
55.0982,-55.0895,-37.2921
54.9251,-54.7256,-37.5826
54.4157,-54.0710,-38.2120
54.4157,0.9290,-38.2120
53.9962,-1.1515,-38.7120
54.5390,54.3551,-38.0379
54.6700,54.6787,-37.7921
54.3061,54.5055,-38.0826
53.6515,53.9962,-38.7120
-54.3551,54.5390,-38.0379
-54.6787,54.6700,-37.7921
-54.5055,54.3061,-38.0826
-53.9962,53.6515,-38.7120
-54.5390,-54.3551,-38.0379
-54.6700,-54.6787,-37.7921
-54.3061,-54.5055,-38.0826
-53.6515,-53.9962,-38.7120
54.3551,-54.5390,-38.0379
54.6787,-54.6700,-37.7921
54.5055,-54.3061,-38.0826
53.9962,-53.6515,-38.7120
53.9962,-1.1515,-38.7120
53.5766,-0.7319,-39.2120
54.1195,53.9356,-38.5379
54.2504,54.2591,-38.2921
53.8865,54.0860,-38.5826
53.2319,53.5766,-39.2120
-53.9356,54.1195,-38.5379
-54.2591,54.2504,-38.2921
-54.0860,53.8865,-38.5826
-53.5766,53.2319,-39.2120
-54.1195,-53.9356,-38.5379
-54.2504,-54.2591,-38.2921
-53.8865,-54.0860,-38.5826
-53.2319,-53.5766,-39.2120
53.9356,-54.1195,-38.5379
54.2591,-54.2504,-38.2921
54.0860,-53.8865,-38.5826
53.5766,-53.2319,-39.2120
53.5766,-0.7319,-39.2120
53.1571,-0.3124,-39.7120
53.6999,53.5160,-39.0379
53.8309,53.8396,-38.7921
53.4670,53.6664,-39.0826
52.8124,53.1571,-39.7120
-53.5160,53.6999,-39.0379
-53.8396,53.8309,-38.7921
-53.6664,53.4670,-39.0826
-53.1571,52.8124,-39.7120
-53.6999,-53.5160,-39.0379
-53.8309,-53.8396,-38.7921
-53.4670,-53.6664,-39.0826
-52.8124,-53.1571,-39.7120
53.5160,-53.6999,-39.0379
53.8396,-53.8309,-38.7921
53.6664,-53.4670,-39.0826
53.1571,-52.8124,-39.7120
53.1571,-0.3124,-39.7120
52.7375,0.1072,-40.2120
53.2804,53.0965,-39.5379
53.4113,53.4200,-39.2921
53.0474,53.2469,-39.5826
52.3928,52.7375,-40.2120
-53.0965,53.2804,-39.5379
-53.4200,53.4113,-39.2921
-53.2469,53.0474,-39.5826
-52.7375,52.3928,-40.2120
-53.2804,-53.0965,-39.5379
-53.4113,-53.4200,-39.2921
-53.0474,-53.2469,-39.5826
-52.3928,-52.7375,-40.2120
53.0965,-53.2804,-39.5379
53.4200,-53.4113,-39.2921
53.2469,-53.0474,-39.5826
52.7375,-52.3928,-40.2120
52.7375,0.1072,-40.2120
52.3180,0.5267,-40.7120
52.8608,52.6769,-40.0379
52.9918,53.0005,-39.7921
52.6279,52.8273,-40.0826
51.9733,52.3180,-40.7120
-52.6769,52.8608,-40.0379
-53.0005,52.9918,-39.7921
-52.8273,52.6279,-40.0826
-52.3180,51.9733,-40.7120
-52.8608,-52.6769,-40.0379
-52.9918,-53.0005,-39.7921
-52.6279,-52.8273,-40.0826
-51.9733,-52.3180,-40.7120
52.6769,-52.8608,-40.0379
53.0005,-52.9918,-39.7921
52.8273,-52.6279,-40.0826
52.3180,-51.9733,-40.7120
52.3180,0.5267,-40.7120
51.8984,0.9463,-41.2120
52.4413,52.2574,-40.5379
52.5722,52.5809,-40.2921
52.2083,52.4078,-40.5826
51.5537,51.8984,-41.2120
-52.2574,52.4413,-40.5379
-52.5809,52.5722,-40.2921
-52.4078,52.2083,-40.5826
-51.8984,51.5537,-41.2120
-52.4413,-52.2574,-40.5379
-52.5722,-52.5809,-40.2921
-52.2083,-52.4078,-40.5826
-51.5537,-51.8984,-41.2120
52.2574,-52.4413,-40.5379
52.5809,-52.5722,-40.2921
52.4078,-52.2083,-40.5826
51.8984,-51.5537,-41.2120
51.8984,0.9463,-41.2120
51.4789,-1.1342,-41.7120
52.0217,51.8378,-41.0379
52.1527,52.1614,-40.7921
51.7888,51.9882,-41.0826
51.1342,51.4789,-41.7120
-51.8378,52.0217,-41.0379
-52.1614,52.1527,-40.7921
-51.9882,51.7888,-41.0826
-51.4789,51.1342,-41.7120
-52.0217,-51.8378,-41.0379
-52.1527,-52.1614,-40.7921
-51.7888,-51.9882,-41.0826
-51.1342,-51.4789,-41.7120
51.8378,-52.0217,-41.0379
52.1614,-52.1527,-40.7921
51.9882,-51.7888,-41.0826
51.4789,-51.1342,-41.7120
51.4789,-1.1342,-41.7120
51.0593,-0.7146,-42.2120
51.6022,51.4183,-41.5379
51.7331,51.7418,-41.2921
51.3692,51.5687,-41.5826
50.7146,51.0593,-42.2120
-51.4183,51.6022,-41.5379
-51.7418,51.7331,-41.2921
-51.5687,51.3692,-41.5826
-51.0593,50.7146,-42.2120
-51.6022,-51.4183,-41.5379
-51.7331,-51.7418,-41.2921
-51.3692,-51.5687,-41.5826
-50.7146,-51.0593,-42.2120
51.4183,-51.6022,-41.5379
51.7418,-51.7331,-41.2921
51.5687,-51.3692,-41.5826
51.0593,-50.7146,-42.2120
51.0593,-0.7146,-42.2120
50.6398,-0.2951,-42.7120
51.1826,50.9987,-42.0379
51.3136,51.3223,-41.7921
50.9497,51.1491,-42.0826
50.2951,50.6398,-42.7120
-50.9987,51.1826,-42.0379
-51.3223,51.3136,-41.7921
-51.1491,50.9497,-42.0826
-50.6398,50.2951,-42.7120
-51.1826,-50.9987,-42.0379
-51.3136,-51.3223,-41.7921
-50.9497,-51.1491,-42.0826
-50.2951,-50.6398,-42.7120
50.9987,-51.1826,-42.0379
51.3223,-51.3136,-41.7921
51.1491,-50.9497,-42.0826
50.6398,-50.2951,-42.7120
50.6398,-0.2951,-42.7120
50.2202,0.1245,-43.2120
50.7631,50.5792,-42.5379
50.8940,50.9027,-42.2921
50.5301,50.7296,-42.5826
49.8755,50.2202,-43.2120
-50.5792,50.7631,-42.5379
-50.9027,50.8940,-42.2921
-50.7296,50.5301,-42.5826
-50.2202,49.8755,-43.2120
-50.7631,-50.5792,-42.5379
-50.8940,-50.9027,-42.2921
-50.5301,-50.7296,-42.5826
-49.8755,-50.2202,-43.2120
50.5792,-50.7631,-42.5379
50.9027,-50.8940,-42.2921
50.7296,-50.5301,-42.5826
50.2202,-49.8755,-43.2120
50.2202,0.1245,-43.2120
49.8007,0.5440,-43.7120
50.3435,50.1596,-43.0379
50.4745,50.4832,-42.7921
50.1106,50.3100,-43.0826
49.4560,49.8007,-43.7120
-50.1596,50.3435,-43.0379
-50.4832,50.4745,-42.7921
-50.3100,50.1106,-43.0826
-49.8007,49.4560,-43.7120
-50.3435,-50.1596,-43.0379
-50.4745,-50.4832,-42.7921
-50.1106,-50.3100,-43.0826
-49.4560,-49.8007,-43.7120
50.1596,-50.3435,-43.0379
50.4832,-50.4745,-42.7921
50.3100,-50.1106,-43.0826
49.8007,-49.4560,-43.7120
49.8007,0.5440,-43.7120
49.3811,0.9636,-44.2120
49.9240,49.7401,-43.5379
50.0549,50.0636,-43.2921
49.6910,49.8905,-43.5826
49.0364,49.3811,-44.2120
-49.7401,49.9240,-43.5379
-50.0636,50.0549,-43.2921
-49.8905,49.6910,-43.5826
-49.3811,49.0364,-44.2120
-49.9240,-49.7401,-43.5379
-50.0549,-50.0636,-43.2921
-49.6910,-49.8905,-43.5826
-49.0364,-49.3811,-44.2120
49.7401,-49.9240,-43.5379
50.0636,-50.0549,-43.2921
49.8905,-49.6910,-43.5826
49.3811,-49.0364,-44.2120
49.3811,0.9636,-44.2120
48.9616,-1.1169,-44.7120
49.5044,49.3205,-44.0379
49.6354,49.6441,-43.7921
49.2715,49.4709,-44.0826
48.6169,48.9616,-44.7120
-49.3205,49.5044,-44.0379
-49.6441,49.6354,-43.7921
-49.4709,49.2715,-44.0826
-48.9616,48.6169,-44.7120
-49.5044,-49.3205,-44.0379
-49.6354,-49.6441,-43.7921
-49.2715,-49.4709,-44.0826
-48.6169,-48.9616,-44.7120
49.3205,-49.5044,-44.0379
49.6441,-49.6354,-43.7921
49.4709,-49.2715,-44.0826
48.9616,-48.6169,-44.7120
48.9616,-1.1169,-44.7120
48.5420,-0.6973,-45.2120
49.0849,48.9010,-44.5379
49.2158,49.2245,-44.2921
48.8519,49.0514,-44.5826
48.1973,48.5420,-45.2120
-48.9010,49.0849,-44.5379
-49.2245,49.2158,-44.2921
-49.0514,48.8519,-44.5826
-48.5420,48.1973,-45.2120
-49.0849,-48.9010,-44.5379
-49.2158,-49.2245,-44.2921
-48.8519,-49.0514,-44.5826
-48.1973,-48.5420,-45.2120
48.9010,-49.0849,-44.5379
49.2245,-49.2158,-44.2921
49.0514,-48.8519,-44.5826
48.5420,-48.1973,-45.2120
48.5420,-0.6973,-45.2120
48.1225,-0.2778,-45.7120
48.6653,48.4814,-45.0379
48.7963,48.8050,-44.7921
48.4324,48.6318,-45.0826
47.7778,48.1225,-45.7120
-48.4814,48.6653,-45.0379
-48.8050,48.7963,-44.7921
-48.6318,48.4324,-45.0826
-48.1225,47.7778,-45.7120
-48.6653,-48.4814,-45.0379
-48.7963,-48.8050,-44.7921
-48.4324,-48.6318,-45.0826
-47.7778,-48.1225,-45.7120
48.4814,-48.6653,-45.0379
48.8050,-48.7963,-44.7921
48.6318,-48.4324,-45.0826
48.1225,-47.7778,-45.7120
48.1225,-0.2778,-45.7120
47.7029,0.1418,-46.2120
48.2458,48.0619,-45.5379
48.3767,48.3854,-45.2921
48.0128,48.2123,-45.5826
47.3582,47.7029,-46.2120
-48.0619,48.2458,-45.5379
-48.3854,48.3767,-45.2921
-48.2123,48.0128,-45.5826
-47.7029,47.3582,-46.2120
-48.2458,-48.0619,-45.5379
-48.3767,-48.3854,-45.2921
-48.0128,-48.2123,-45.5826
-47.3582,-47.7029,-46.2120
48.0619,-48.2458,-45.5379
48.3854,-48.3767,-45.2921
48.2123,-48.0128,-45.5826
47.7029,-47.3582,-46.2120
47.7029,0.1418,-46.2120
47.2834,0.5613,-46.7120
47.8262,47.6423,-46.0379
47.9572,47.9659,-45.7921
47.5933,47.7927,-46.0826
46.9387,47.2834,-46.7120
-47.6423,47.8262,-46.0379
-47.9659,47.9572,-45.7921
-47.7927,47.5933,-46.0826
-47.2834,46.9387,-46.7120
-47.8262,-47.6423,-46.0379
-47.9572,-47.9659,-45.7921
-47.5933,-47.7927,-46.0826
-46.9387,-47.2834,-46.7120
47.6423,-47.8262,-46.0379
47.9659,-47.9572,-45.7921
47.7927,-47.5933,-46.0826
47.2834,-46.9387,-46.7120
47.2834,0.5613,-46.7120
46.8638,0.9809,-47.2120
47.4067,47.2228,-46.5379
47.5376,47.5463,-46.2921
47.1737,47.3732,-46.5826
46.5191,46.8638,-47.2120
-47.2228,47.4067,-46.5379
-47.5463,47.5376,-46.2921
-47.3732,47.1737,-46.5826
-46.8638,46.5191,-47.2120
-47.4067,-47.2228,-46.5379
-47.5376,-47.5463,-46.2921
-47.1737,-47.3732,-46.5826
-46.5191,-46.8638,-47.2120
47.2228,-47.4067,-46.5379
47.5463,-47.5376,-46.2921
47.3732,-47.1737,-46.5826
46.8638,-46.5191,-47.2120
46.8638,0.9809,-47.2120
46.4443,-1.0996,-47.7120
46.9871,46.8032,-47.0379
47.1181,47.1268,-46.7921
46.7542,46.9536,-47.0826
46.0996,46.4443,-47.7120
-46.8032,46.9871,-47.0379
-47.1268,47.1181,-46.7921
-46.9536,46.7542,-47.0826
-46.4443,46.0996,-47.7120
-46.9871,-46.8032,-47.0379
-47.1181,-47.1268,-46.7921
-46.7542,-46.9536,-47.0826
-46.0996,-46.4443,-47.7120
46.8032,-46.9871,-47.0379
47.1268,-47.1181,-46.7921
46.9536,-46.7542,-47.0826
46.4443,-46.0996,-47.7120
46.4443,-1.0996,-47.7120
46.0247,-0.6800,-48.2120
46.5676,46.3837,-47.5379
46.6985,46.7072,-47.2921
46.3346,46.5341,-47.5826
45.6800,46.0247,-48.2120
-46.3837,46.5676,-47.5379
-46.7072,46.6985,-47.2921
-46.5341,46.3346,-47.5826
-46.0247,45.6800,-48.2120
-46.5676,-46.3837,-47.5379
-46.6985,-46.7072,-47.2921
-46.3346,-46.5341,-47.5826
-45.6800,-46.0247,-48.2120
46.3837,-46.5676,-47.5379
46.7072,-46.6985,-47.2921
46.5341,-46.3346,-47.5826
46.0247,-45.6800,-48.2120
46.0247,-0.6800,-48.2120
45.6052,-0.2605,-48.7120
46.1480,45.9641,-48.0379
46.2790,46.2877,-47.7921
45.9151,46.1145,-48.0826
45.2605,45.6052,-48.7120
-45.9641,46.1480,-48.0379
-46.2877,46.2790,-47.7921
-46.1145,45.9151,-48.0826
-45.6052,45.2605,-48.7120
-46.1480,-45.9641,-48.0379
-46.2790,-46.2877,-47.7921
-45.9151,-46.1145,-48.0826
-45.2605,-45.6052,-48.7120
45.9641,-46.1480,-48.0379
46.2877,-46.2790,-47.7921
46.1145,-45.9151,-48.0826
45.6052,-45.2605,-48.7120
45.6052,-0.2605,-48.7120
45.1856,0.1591,-49.2120
45.7285,45.5446,-48.5379
45.8594,45.8681,-48.2921
45.4955,45.6950,-48.5826
44.8409,45.1856,-49.2120
-45.5446,45.7285,-48.5379
-45.8681,45.8594,-48.2921
-45.6950,45.4955,-48.5826
-45.1856,44.8409,-49.2120
-45.7285,-45.5446,-48.5379
-45.8594,-45.8681,-48.2921
-45.4955,-45.6950,-48.5826
-44.8409,-45.1856,-49.2120
45.5446,-45.7285,-48.5379
45.8681,-45.8594,-48.2921
45.6950,-45.4955,-48.5826
45.1856,-44.8409,-49.2120
45.1856,0.1591,-49.2120
44.7661,0.5786,-49.7120
45.3089,45.1250,-49.0379
45.4399,45.4486,-48.7921
45.0760,45.2754,-49.0826
44.4214,44.7661,-49.7120
-45.1250,45.3089,-49.0379
-45.4486,45.4399,-48.7921
-45.2754,45.0760,-49.0826
-44.7661,44.4214,-49.7120
-45.3089,-45.1250,-49.0379
-45.4399,-45.4486,-48.7921
-45.0760,-45.2754,-49.0826
-44.4214,-44.7661,-49.7120
45.1250,-45.3089,-49.0379
45.4486,-45.4399,-48.7921
45.2754,-45.0760,-49.0826
44.7661,-44.4214,-49.7120
44.7661,0.5786,-49.7120
44.3465,0.9982,-50.2120
44.8894,44.7055,-49.5379
45.0203,45.0290,-49.2921
44.6564,44.8559,-49.5826
44.0018,44.3465,-50.2120
-44.7055,44.8894,-49.5379
-45.0290,45.0203,-49.2921
-44.8559,44.6564,-49.5826
-44.3465,44.0018,-50.2120
-44.8894,-44.7055,-49.5379
-45.0203,-45.0290,-49.2921
-44.6564,-44.8559,-49.5826
-44.0018,-44.3465,-50.2120
44.7055,-44.8894,-49.5379
45.0290,-45.0203,-49.2921
44.8559,-44.6564,-49.5826
44.3465,-44.0018,-50.2120
44.3465,0.9982,-50.2120
43.9270,-1.0823,-50.7120
44.4698,44.2859,-50.0379
44.6008,44.6095,-49.7921
44.2369,44.4363,-50.0826
43.5823,43.9270,-50.7120
-44.2859,44.4698,-50.0379
-44.6095,44.6008,-49.7921
-44.4363,44.2369,-50.0826
-43.9270,43.5823,-50.7120
-44.4698,-44.2859,-50.0379
-44.6008,-44.6095,-49.7921
-44.2369,-44.4363,-50.0826
-43.5823,-43.9270,-50.7120
44.2859,-44.4698,-50.0379
44.6095,-44.6008,-49.7921
44.4363,-44.2369,-50.0826
43.9270,-43.5823,-50.7120
43.9270,-1.0823,-50.7120
43.5074,-0.6627,-51.2120
44.0503,43.8664,-50.5379
44.1812,44.1899,-50.2921
43.8173,44.0168,-50.5826
43.1627,43.5074,-51.2120
-43.8664,44.0503,-50.5379
-44.1899,44.1812,-50.2921
-44.0168,43.8173,-50.5826
-43.5074,43.1627,-51.2120
-44.0503,-43.8664,-50.5379
-44.1812,-44.1899,-50.2921
-43.8173,-44.0168,-50.5826
-43.1627,-43.5074,-51.2120
43.8664,-44.0503,-50.5379
44.1899,-44.1812,-50.2921
44.0168,-43.8173,-50.5826
43.5074,-43.1627,-51.2120
43.5074,-0.6627,-51.2120
43.0879,-0.2432,-51.7120
43.6307,43.4468,-51.0379
43.7617,43.7704,-50.7921
43.3978,43.5972,-51.0826
42.7432,43.0879,-51.7120
-43.4468,43.6307,-51.0379
-43.7704,43.7617,-50.7921
-43.5972,43.3978,-51.0826
-43.0879,42.7432,-51.7120
-43.6307,-43.4468,-51.0379
-43.7617,-43.7704,-50.7921
-43.3978,-43.5972,-51.0826
-42.7432,-43.0879,-51.7120
43.4468,-43.6307,-51.0379
43.7704,-43.7617,-50.7921
43.5972,-43.3978,-51.0826
43.0879,-42.7432,-51.7120
43.0879,-0.2432,-51.7120
42.6683,0.1764,-52.2120
43.2112,43.0273,-51.5379
43.3421,43.3508,-51.2921
42.9782,43.1777,-51.5826
42.3236,42.6683,-52.2120
-43.0273,43.2112,-51.5379
-43.3508,43.3421,-51.2921
-43.1777,42.9782,-51.5826
-42.6683,42.3236,-52.2120
-43.2112,-43.0273,-51.5379
-43.3421,-43.3508,-51.2921
-42.9782,-43.1777,-51.5826
-42.3236,-42.6683,-52.2120
43.0273,-43.2112,-51.5379
43.3508,-43.3421,-51.2921
43.1777,-42.9782,-51.5826
42.6683,-42.3236,-52.2120
42.6683,0.1764,-52.2120
42.2488,0.5959,-52.7120
42.7916,42.6077,-52.0379
42.9226,42.9313,-51.7921
42.5587,42.7581,-52.0826
41.9041,42.2488,-52.7120
-42.6077,42.7916,-52.0379
-42.9313,42.9226,-51.7921
-42.7581,42.5587,-52.0826
-42.2488,41.9041,-52.7120
-42.7916,-42.6077,-52.0379
-42.9226,-42.9313,-51.7921
-42.5587,-42.7581,-52.0826
-41.9041,-42.2488,-52.7120
42.6077,-42.7916,-52.0379
42.9313,-42.9226,-51.7921
42.7581,-42.5587,-52.0826
42.2488,-41.9041,-52.7120
42.2488,0.5959,-52.7120
41.8293,1.0155,-53.2120
42.3721,42.1882,-52.5379
42.5030,42.5117,-52.2921
42.1391,42.3386,-52.5826
41.4845,41.8293,-53.2120
-42.1882,42.3721,-52.5379
-42.5117,42.5030,-52.2921
-42.3386,42.1391,-52.5826
-41.8293,41.4845,-53.2120
-42.3721,-42.1882,-52.5379
-42.5030,-42.5117,-52.2921
-42.1391,-42.3386,-52.5826
-41.4845,-41.8293,-53.2120
42.1882,-42.3721,-52.5379
42.5117,-42.5030,-52.2921
42.3386,-42.1391,-52.5826
41.8293,-41.4845,-53.2120
41.8293,1.0155,-53.2120
41.4097,-1.0650,-53.7120
41.9525,41.7686,-53.0379
42.0835,42.0922,-52.7921
41.7196,41.9190,-53.0826
41.0650,41.4097,-53.7120
-41.7686,41.9525,-53.0379
-42.0922,42.0835,-52.7921
-41.9190,41.7196,-53.0826
-41.4097,41.0650,-53.7120
-41.9525,-41.7686,-53.0379
-42.0835,-42.0922,-52.7921
-41.7196,-41.9190,-53.0826
-41.0650,-41.4097,-53.7120
41.7686,-41.9525,-53.0379
42.0922,-42.0835,-52.7921
41.9190,-41.7196,-53.0826
41.4097,-41.0650,-53.7120
41.4097,-1.0650,-53.7120
40.9902,-0.6454,-54.2120
41.5330,41.3491,-53.5379
41.6639,41.6726,-53.2921
41.3000,41.4995,-53.5826
40.6454,40.9902,-54.2120
-41.3491,41.5330,-53.5379
-41.6726,41.6639,-53.2921
-41.4995,41.3000,-53.5826
-40.9902,40.6454,-54.2120
-41.5330,-41.3491,-53.5379
-41.6639,-41.6726,-53.2921
-41.3000,-41.4995,-53.5826
-40.6454,-40.9902,-54.2120
41.3491,-41.5330,-53.5379
41.6726,-41.6639,-53.2921
41.4995,-41.3000,-53.5826
40.9902,-40.6454,-54.2120
40.9902,-0.6454,-54.2120
40.5706,-0.2259,-54.7120
41.1134,40.9295,-54.0379
41.2444,41.2531,-53.7921
40.8805,41.0799,-54.0826
40.2259,40.5706,-54.7120
-40.9295,41.1134,-54.0379
-41.2531,41.2444,-53.7921
-41.0799,40.8805,-54.0826
-40.5706,40.2259,-54.7120
-41.1134,-40.9295,-54.0379
-41.2444,-41.2531,-53.7921
-40.8805,-41.0799,-54.0826
-40.2259,-40.5706,-54.7120
40.9295,-41.1134,-54.0379
41.2531,-41.2444,-53.7921
41.0799,-40.8805,-54.0826
40.5706,-40.2259,-54.7120
40.5706,-0.2259,-54.7120
40.1511,0.1937,-55.2120
40.6939,40.5100,-54.5379
40.8248,40.8335,-54.2921
40.4609,40.6604,-54.5826
39.8063,40.1511,-55.2120
-40.5100,40.6939,-54.5379
-40.8335,40.8248,-54.2921
-40.6604,40.4609,-54.5826
-40.1511,39.8063,-55.2120
-40.6939,-40.5100,-54.5379
-40.8248,-40.8335,-54.2921
-40.4609,-40.6604,-54.5826
-39.8063,-40.1511,-55.2120
40.5100,-40.6939,-54.5379
40.8335,-40.8248,-54.2921
40.6604,-40.4609,-54.5826
40.1511,-39.8063,-55.2120
40.1511,0.1937,-55.2120
39.7315,0.6132,-55.7120
40.2743,40.0904,-55.0379
40.4053,40.4140,-54.7921
40.0414,40.2408,-55.0826
39.3868,39.7315,-55.7120
-40.0904,40.2743,-55.0379
-40.4140,40.4053,-54.7921
-40.2408,40.0414,-55.0826
-39.7315,39.3868,-55.7120
-40.2743,-40.0904,-55.0379
-40.4053,-40.4140,-54.7921
-40.0414,-40.2408,-55.0826
-39.3868,-39.7315,-55.7120
40.0904,-40.2743,-55.0379
40.4140,-40.4053,-54.7921
40.2408,-40.0414,-55.0826
39.7315,-39.3868,-55.7120
39.7315,0.6132,-55.7120
39.3120,1.0328,-56.2120
39.8548,39.6709,-55.5379
39.9857,39.9944,-55.2921
39.6218,39.8213,-55.5826
38.9672,39.3120,-56.2120
-39.6709,39.8548,-55.5379
-39.9944,39.9857,-55.2921
-39.8213,39.6218,-55.5826
-39.3120,38.9672,-56.2120
-39.8548,-39.6709,-55.5379
-39.9857,-39.9944,-55.2921
-39.6218,-39.8213,-55.5826
-38.9672,-39.3120,-56.2120
39.6709,-39.8548,-55.5379
39.9944,-39.9857,-55.2921
39.8213,-39.6218,-55.5826
39.3120,-38.9672,-56.2120
39.3120,1.0328,-56.2120
38.8924,-1.0477,-56.7120
39.4352,39.2513,-56.0379
39.5662,39.5749,-55.7921
39.2023,39.4017,-56.0826
38.5477,38.8924,-56.7120
-39.2513,39.4352,-56.0379
-39.5749,39.5662,-55.7921
-39.4017,39.2023,-56.0826
-38.8924,38.5477,-56.7120
-39.4352,-39.2513,-56.0379
-39.5662,-39.5749,-55.7921
-39.2023,-39.4017,-56.0826
-38.5477,-38.8924,-56.7120
39.2513,-39.4352,-56.0379
39.5749,-39.5662,-55.7921
39.4017,-39.2023,-56.0826
38.8924,-38.5477,-56.7120
38.8924,-1.0477,-56.7120
38.4729,-0.6281,-57.2120
39.0157,38.8318,-56.5379
39.1466,39.1553,-56.2921
38.7827,38.9822,-56.5826
38.1281,38.4729,-57.2120
-38.8318,39.0157,-56.5379
-39.1553,39.1466,-56.2921
-38.9822,38.7827,-56.5826
-38.4729,38.1281,-57.2120
-39.0157,-38.8318,-56.5379
-39.1466,-39.1553,-56.2921
-38.7827,-38.9822,-56.5826
-38.1281,-38.4729,-57.2120
38.8318,-39.0157,-56.5379
39.1553,-39.1466,-56.2921
38.9822,-38.7827,-56.5826
38.4729,-38.1281,-57.2120
38.4729,-0.6281,-57.2120
38.0533,-0.2086,-57.7120
38.5961,38.4122,-57.0379
38.7271,38.7358,-56.7921
38.3632,38.5626,-57.0826
37.7086,38.0533,-57.7120
-38.4122,38.5961,-57.0379
-38.7358,38.7271,-56.7921
-38.5626,38.3632,-57.0826
-38.0533,37.7086,-57.7120
-38.5961,-38.4122,-57.0379
-38.7271,-38.7358,-56.7921
-38.3632,-38.5626,-57.0826
-37.7086,-38.0533,-57.7120
38.4122,-38.5961,-57.0379
38.7358,-38.7271,-56.7921
38.5626,-38.3632,-57.0826
38.0533,-37.7086,-57.7120
38.0533,-0.2086,-57.7120
37.6338,0.2110,-58.2120
38.1766,37.9927,-57.5379
38.3075,38.3162,-57.2921
37.9436,38.1431,-57.5826
37.2890,37.6338,-58.2120
-37.9927,38.1766,-57.5379
-38.3162,38.3075,-57.2921
-38.1431,37.9436,-57.5826
-37.6338,37.2890,-58.2120
-38.1766,-37.9927,-57.5379
-38.3075,-38.3162,-57.2921
-37.9436,-38.1431,-57.5826
-37.2890,-37.6338,-58.2120
37.9927,-38.1766,-57.5379
38.3162,-38.3075,-57.2921
38.1431,-37.9436,-57.5826
37.6338,-37.2890,-58.2120
37.6338,0.2110,-58.2120
37.2142,0.6305,-58.7120
37.7570,37.5731,-58.0379
37.8880,37.8967,-57.7921
37.5241,37.7235,-58.0826
36.8695,37.2142,-58.7120
-37.5731,37.7570,-58.0379
-37.8967,37.8880,-57.7921
-37.7235,37.5241,-58.0826
-37.2142,36.8695,-58.7120
-37.7570,-37.5731,-58.0379
-37.8880,-37.8967,-57.7921
-37.5241,-37.7235,-58.0826
-36.8695,-37.2142,-58.7120
37.5731,-37.7570,-58.0379
37.8967,-37.8880,-57.7921
37.7235,-37.5241,-58.0826
37.2142,-36.8695,-58.7120
37.2142,0.6305,-58.7120
36.7947,1.0501,-59.2120
37.3375,37.1536,-58.5379
37.4684,37.4771,-58.2921
37.1045,37.3040,-58.5826
36.4499,36.7947,-59.2120
-37.1536,37.3375,-58.5379
-37.4771,37.4684,-58.2921
-37.3040,37.1045,-58.5826
-36.7947,36.4499,-59.2120
-37.3375,-37.1536,-58.5379
-37.4684,-37.4771,-58.2921
-37.1045,-37.3040,-58.5826
-36.4499,-36.7947,-59.2120
37.1536,-37.3375,-58.5379
37.4771,-37.4684,-58.2921
37.3040,-37.1045,-58.5826
36.7947,-36.4499,-59.2120
36.7947,1.0501,-59.2120
36.3751,-1.0304,-59.7120
36.9179,36.7340,-59.0379
37.0489,37.0576,-58.7921
36.6850,36.8844,-59.0826
36.0304,36.3751,-59.7120
-36.7340,36.9179,-59.0379
-37.0576,37.0489,-58.7921
-36.8844,36.6850,-59.0826
-36.3751,36.0304,-59.7120
-36.9179,-36.7340,-59.0379
-37.0489,-37.0576,-58.7921
-36.6850,-36.8844,-59.0826
-36.0304,-36.3751,-59.7120
36.7340,-36.9179,-59.0379
37.0576,-37.0489,-58.7921
36.8844,-36.6850,-59.0826
36.3751,-36.0304,-59.7120
36.3751,-1.0304,-59.7120
35.9556,-0.6108,-60.2120
36.4984,36.3145,-59.5379
36.6293,36.6380,-59.2921
36.2654,36.4649,-59.5826
35.6108,35.9556,-60.2120
-36.3145,36.4984,-59.5379
-36.6380,36.6293,-59.2921
-36.4649,36.2654,-59.5826
-35.9556,35.6108,-60.2120
-36.4984,-36.3145,-59.5379
-36.6293,-36.6380,-59.2921
-36.2654,-36.4649,-59.5826
-35.6108,-35.9556,-60.2120
36.3145,-36.4984,-59.5379
36.6380,-36.6293,-59.2921
36.4649,-36.2654,-59.5826
35.9556,-35.6108,-60.2120
35.9556,-0.6108,-60.2120
35.5360,-0.1913,-60.7120
36.0788,35.8949,-60.0379
36.2098,36.2185,-59.7921
35.8459,36.0453,-60.0826
35.1913,35.5360,-60.7120
-35.8949,36.0788,-60.0379
-36.2185,36.2098,-59.7921
-36.0453,35.8459,-60.0826
-35.5360,35.1913,-60.7120
-36.0788,-35.8949,-60.0379
-36.2098,-36.2185,-59.7921
-35.8459,-36.0453,-60.0826
-35.1913,-35.5360,-60.7120
35.8949,-36.0788,-60.0379
36.2185,-36.2098,-59.7921
36.0453,-35.8459,-60.0826
35.5360,-35.1913,-60.7120
35.5360,-0.1913,-60.7120
35.1165,0.2283,-61.2120
35.6593,35.4754,-60.5379
35.7902,35.7989,-60.2921
35.4263,35.6258,-60.5826
34.7717,35.1165,-61.2120
-35.4754,35.6593,-60.5379
-35.7989,35.7902,-60.2921
-35.6258,35.4263,-60.5826
-35.1165,34.7717,-61.2120
-35.6593,-35.4754,-60.5379
-35.7902,-35.7989,-60.2921
-35.4263,-35.6258,-60.5826
-34.7717,-35.1165,-61.2120
35.4754,-35.6593,-60.5379
35.7989,-35.7902,-60.2921
35.6258,-35.4263,-60.5826
35.1165,-34.7717,-61.2120
35.1165,0.2283,-61.2120
34.6969,0.6478,-61.7120
35.2397,35.0558,-61.0379
35.3707,35.3794,-60.7921
35.0068,35.2062,-61.0826
34.3522,34.6969,-61.7120
-35.0558,35.2397,-61.0379
-35.3794,35.3707,-60.7921
-35.2062,35.0068,-61.0826
-34.6969,34.3522,-61.7120
-35.2397,-35.0558,-61.0379
-35.3707,-35.3794,-60.7921
-35.0068,-35.2062,-61.0826
-34.3522,-34.6969,-61.7120
35.0558,-35.2397,-61.0379
35.3794,-35.3707,-60.7921
35.2062,-35.0068,-61.0826
34.6969,-34.3522,-61.7120
34.6969,0.6478,-61.7120
34.2774,1.0674,-62.2120
34.8202,34.6363,-61.5379
34.9511,34.9598,-61.2921
34.5872,34.7867,-61.5826
33.9326,34.2774,-62.2120
-34.6363,34.8202,-61.5379
-34.9598,34.9511,-61.2921
-34.7867,34.5872,-61.5826
-34.2774,33.9326,-62.2120
-34.8202,-34.6363,-61.5379
-34.9511,-34.9598,-61.2921
-34.5872,-34.7867,-61.5826
-33.9326,-34.2774,-62.2120
34.6363,-34.8202,-61.5379
34.9598,-34.9511,-61.2921
34.7867,-34.5872,-61.5826
34.2774,-33.9326,-62.2120
34.2774,1.0674,-62.2120
33.8578,-1.0131,-62.7120
34.4006,34.2167,-62.0379
34.5316,34.5403,-61.7921
34.1677,34.3671,-62.0826
33.5131,33.8578,-62.7120
-34.2167,34.4006,-62.0379
-34.5403,34.5316,-61.7921
-34.3671,34.1677,-62.0826
-33.8578,33.5131,-62.7120
-34.4006,-34.2167,-62.0379
-34.5316,-34.5403,-61.7921
-34.1677,-34.3671,-62.0826
-33.5131,-33.8578,-62.7120
34.2167,-34.4006,-62.0379
34.5403,-34.5316,-61.7921
34.3671,-34.1677,-62.0826
33.8578,-33.5131,-62.7120
33.8578,-1.0131,-62.7120
33.4383,-0.5935,-63.2120
33.9811,33.7972,-62.5379
34.1120,34.1207,-62.2921
33.7481,33.9476,-62.5826
33.0935,33.4383,-63.2120
-33.7972,33.9811,-62.5379
-34.1207,34.1120,-62.2921
-33.9476,33.7481,-62.5826
-33.4383,33.0935,-63.2120
-33.9811,-33.7972,-62.5379
-34.1120,-34.1207,-62.2921
-33.7481,-33.9476,-62.5826
-33.0935,-33.4383,-63.2120
33.7972,-33.9811,-62.5379
34.1207,-34.1120,-62.2921
33.9476,-33.7481,-62.5826
33.4383,-33.0935,-63.2120
33.4383,-0.5935,-63.2120
33.0187,-0.1740,-63.7120
33.5615,33.3776,-63.0379
33.6925,33.7012,-62.7921
33.3286,33.5280,-63.0826
32.6740,33.0187,-63.7120
-33.3776,33.5615,-63.0379
-33.7012,33.6925,-62.7921
-33.5280,33.3286,-63.0826
-33.0187,32.6740,-63.7120
-33.5615,-33.3776,-63.0379
-33.6925,-33.7012,-62.7921
-33.3286,-33.5280,-63.0826
-32.6740,-33.0187,-63.7120
33.3776,-33.5615,-63.0379
33.7012,-33.6925,-62.7921
33.5280,-33.3286,-63.0826
33.0187,-32.6740,-63.7120
33.0187,-0.1740,-63.7120
32.5992,0.2456,-64.2120
33.1420,32.9581,-63.5379
33.2729,33.2816,-63.2921
32.9090,33.1085,-63.5826
32.2544,32.5992,-64.2120
-32.9581,33.1420,-63.5379
-33.2816,33.2729,-63.2921
-33.1085,32.9090,-63.5826
-32.5992,32.2544,-64.2120
-33.1420,-32.9581,-63.5379
-33.2729,-33.2816,-63.2921
-32.9090,-33.1085,-63.5826
-32.2544,-32.5992,-64.2120
32.9581,-33.1420,-63.5379
33.2816,-33.2729,-63.2921
33.1085,-32.9090,-63.5826
32.5992,-32.2544,-64.2120
32.5992,0.2456,-64.2120
32.1796,0.6651,-64.7120
32.7224,32.5385,-64.0379
32.8534,32.8621,-63.7921
32.4895,32.6889,-64.0826
31.8349,32.1796,-64.7120
-32.5385,32.7224,-64.0379
-32.8621,32.8534,-63.7921
-32.6889,32.4895,-64.0826
-32.1796,31.8349,-64.7120
-32.7224,-32.5385,-64.0379
-32.8534,-32.8621,-63.7921
-32.4895,-32.6889,-64.0826
-31.8349,-32.1796,-64.7120
32.5385,-32.7224,-64.0379
32.8621,-32.8534,-63.7921
32.6889,-32.4895,-64.0826
32.1796,-31.8349,-64.7120
32.1796,0.6651,-64.7120
31.7600,1.0847,-65.2120
32.3029,32.1190,-64.5379
32.4338,32.4425,-64.2921
32.0699,32.2694,-64.5826
31.4153,31.7600,-65.2120
-32.1190,32.3029,-64.5379
-32.4425,32.4338,-64.2921
-32.2694,32.0699,-64.5826
-31.7600,31.4153,-65.2120
-32.3029,-32.1190,-64.5379
-32.4338,-32.4425,-64.2921
-32.0699,-32.2694,-64.5826
-31.4153,-31.7600,-65.2120
32.1190,-32.3029,-64.5379
32.4425,-32.4338,-64.2921
32.2694,-32.0699,-64.5826
31.7600,-31.4153,-65.2120
31.7600,1.0847,-65.2120
31.3405,-0.9958,-65.7120
31.8833,31.6994,-65.0379
32.0143,32.0230,-64.7921
31.6504,31.8498,-65.0826
30.9958,31.3405,-65.7120
-31.6994,31.8833,-65.0379
-32.0230,32.0143,-64.7921
-31.8498,31.6504,-65.0826
-31.3405,30.9958,-65.7120
-31.8833,-31.6994,-65.0379
-32.0143,-32.0230,-64.7921
-31.6504,-31.8498,-65.0826
-30.9958,-31.3405,-65.7120
31.6994,-31.8833,-65.0379
32.0230,-32.0143,-64.7921
31.8498,-31.6504,-65.0826
31.3405,-30.9958,-65.7120
31.3405,-0.9958,-65.7120
30.9209,-0.5762,-66.2120
31.4638,31.2799,-65.5379
31.5947,31.6034,-65.2921
31.2308,31.4303,-65.5826
30.5762,30.9209,-66.2120
-31.2799,31.4638,-65.5379
-31.6034,31.5947,-65.2921
-31.4303,31.2308,-65.5826
-30.9209,30.5762,-66.2120
-31.4638,-31.2799,-65.5379
-31.5947,-31.6034,-65.2921
-31.2308,-31.4303,-65.5826
-30.5762,-30.9209,-66.2120
31.2799,-31.4638,-65.5379
31.6034,-31.5947,-65.2921
31.4303,-31.2308,-65.5826
30.9209,-30.5762,-66.2120
30.9209,-0.5762,-66.2120
30.5014,-0.1567,-66.7120
31.0442,30.8603,-66.0379
31.1752,31.1839,-65.7921
30.8113,31.0107,-66.0826
30.1567,30.5014,-66.7120
-30.8603,31.0442,-66.0379
-31.1839,31.1752,-65.7921
-31.0107,30.8113,-66.0826
-30.5014,30.1567,-66.7120
-31.0442,-30.8603,-66.0379
-31.1752,-31.1839,-65.7921
-30.8113,-31.0107,-66.0826
-30.1567,-30.5014,-66.7120
30.8603,-31.0442,-66.0379
31.1839,-31.1752,-65.7921
31.0107,-30.8113,-66.0826
30.5014,-30.1567,-66.7120
30.5014,-0.1567,-66.7120
30.0819,0.2629,-67.2120
30.6247,30.4408,-66.5379
30.7556,30.7643,-66.2921
30.3917,30.5912,-66.5826
29.7371,30.0819,-67.2120
-30.4408,30.6247,-66.5379
-30.7643,30.7556,-66.2921
-30.5912,30.3917,-66.5826
-30.0819,29.7371,-67.2120
-30.6247,-30.4408,-66.5379
-30.7556,-30.7643,-66.2921
-30.3917,-30.5912,-66.5826
-29.7371,-30.0819,-67.2120
30.4408,-30.6247,-66.5379
30.7643,-30.7556,-66.2921
30.5912,-30.3917,-66.5826
30.0819,-29.7371,-67.2120
30.0819,0.2629,-67.2120
29.6623,0.6824,-67.7120
30.2051,30.0212,-67.0379
30.3361,30.3448,-66.7921
29.9722,30.1716,-67.0826
29.3176,29.6623,-67.7120
-30.0212,30.2051,-67.0379
-30.3448,30.3361,-66.7921
-30.1716,29.9722,-67.0826
-29.6623,29.3176,-67.7120
-30.2051,-30.0212,-67.0379
-30.3361,-30.3448,-66.7921
-29.9722,-30.1716,-67.0826
-29.3176,-29.6623,-67.7120
30.0212,-30.2051,-67.0379
30.3448,-30.3361,-66.7921
30.1716,-29.9722,-67.0826
29.6623,-29.3176,-67.7120
29.6623,0.6824,-67.7120
29.2428,1.1020,-68.2120
29.7856,29.6017,-67.5379
29.9165,29.9252,-67.2921
29.5526,29.7521,-67.5826
28.8980,29.2428,-68.2120
-29.6017,29.7856,-67.5379
-29.9252,29.9165,-67.2921
-29.7521,29.5526,-67.5826
-29.2428,28.8980,-68.2120
-29.7856,-29.6017,-67.5379
-29.9165,-29.9252,-67.2921
-29.5526,-29.7521,-67.5826
-28.8980,-29.2428,-68.2120
29.6017,-29.7856,-67.5379
29.9252,-29.9165,-67.2921
29.7521,-29.5526,-67.5826
29.2428,-28.8980,-68.2120
29.2428,1.1020,-68.2120
28.8232,-0.9785,-68.7120
29.3660,29.1821,-68.0379
29.4970,29.5057,-67.7921
29.1331,29.3325,-68.0826
28.4785,28.8232,-68.7120
-29.1821,29.3660,-68.0379
-29.5057,29.4970,-67.7921
-29.3325,29.1331,-68.0826
-28.8232,28.4785,-68.7120
-29.3660,-29.1821,-68.0379
-29.4970,-29.5057,-67.7921
-29.1331,-29.3325,-68.0826
-28.4785,-28.8232,-68.7120
29.1821,-29.3660,-68.0379
29.5057,-29.4970,-67.7921
29.3325,-29.1331,-68.0826
28.8232,-28.4785,-68.7120
28.8232,-0.9785,-68.7120
28.4037,-0.5589,-69.2120
28.9465,28.7626,-68.5379
29.0774,29.0861,-68.2921
28.7135,28.9130,-68.5826
28.0589,28.4037,-69.2120
-28.7626,28.9465,-68.5379
-29.0861,29.0774,-68.2921
-28.9130,28.7135,-68.5826
-28.4037,28.0589,-69.2120
-28.9465,-28.7626,-68.5379
-29.0774,-29.0861,-68.2921
-28.7135,-28.9130,-68.5826
-28.0589,-28.4037,-69.2120
28.7626,-28.9465,-68.5379
29.0861,-29.0774,-68.2921
28.9130,-28.7135,-68.5826
28.4037,-28.0589,-69.2120
28.4037,-0.5589,-69.2120
27.9841,-0.1394,-69.7120
28.5269,28.3430,-69.0379
28.6579,28.6666,-68.7921
28.2940,28.4934,-69.0826
27.6394,27.9841,-69.7120
-28.3430,28.5269,-69.0379
-28.6666,28.6579,-68.7921
-28.4934,28.2940,-69.0826
-27.9841,27.6394,-69.7120
-28.5269,-28.3430,-69.0379
-28.6579,-28.6666,-68.7921
-28.2940,-28.4934,-69.0826
-27.6394,-27.9841,-69.7120
28.3430,-28.5269,-69.0379
28.6666,-28.6579,-68.7921
28.4934,-28.2940,-69.0826
27.9841,-27.6394,-69.7120
27.9841,-0.1394,-69.7120
27.5646,0.2802,-70.2120
28.1074,27.9235,-69.5379
28.2383,28.2470,-69.2921
27.8744,28.0739,-69.5826
27.2198,27.5646,-70.2120
-27.9235,28.1074,-69.5379
-28.2470,28.2383,-69.2921
-28.0739,27.8744,-69.5826
-27.5646,27.2198,-70.2120
-28.1074,-27.9235,-69.5379
-28.2383,-28.2470,-69.2921
-27.8744,-28.0739,-69.5826
-27.2198,-27.5646,-70.2120
27.9235,-28.1074,-69.5379
28.2470,-28.2383,-69.2921
28.0739,-27.8744,-69.5826
27.5646,-27.2198,-70.2120
27.5646,0.2802,-70.2120
27.1450,0.6997,-70.7120
27.6878,27.5039,-70.0379
27.8188,27.8275,-69.7921
27.4549,27.6543,-70.0826
26.8003,27.1450,-70.7120
-27.5039,27.6878,-70.0379
-27.8275,27.8188,-69.7921
-27.6543,27.4549,-70.0826
-27.1450,26.8003,-70.7120
-27.6878,-27.5039,-70.0379
-27.8188,-27.8275,-69.7921
-27.4549,-27.6543,-70.0826
-26.8003,-27.1450,-70.7120
27.5039,-27.6878,-70.0379
27.8275,-27.8188,-69.7921
27.6543,-27.4549,-70.0826
27.1450,-26.8003,-70.7120
27.1450,0.6997,-70.7120
26.7255,1.1193,-71.2120
27.2683,27.0844,-70.5379
27.3992,27.4079,-70.2921
27.0353,27.2348,-70.5826
26.3807,26.7255,-71.2120
-27.0844,27.2683,-70.5379
-27.4079,27.3992,-70.2921
-27.2348,27.0353,-70.5826
-26.7255,26.3807,-71.2120
-27.2683,-27.0844,-70.5379
-27.3992,-27.4079,-70.2921
-27.0353,-27.2348,-70.5826
-26.3807,-26.7255,-71.2120
27.0844,-27.2683,-70.5379
27.4079,-27.3992,-70.2921
27.2348,-27.0353,-70.5826
26.7255,-26.3807,-71.2120
26.7255,1.1193,-71.2120
26.3059,-0.9612,-71.7120
26.8487,26.6648,-71.0379
26.9797,26.9884,-70.7921
26.6158,26.8152,-71.0826
25.9612,26.3059,-71.7120
-26.6648,26.8487,-71.0379
-26.9884,26.9797,-70.7921
-26.8152,26.6158,-71.0826
-26.3059,25.9612,-71.7120
-26.8487,-26.6648,-71.0379
-26.9797,-26.9884,-70.7921
-26.6158,-26.8152,-71.0826
-25.9612,-26.3059,-71.7120
26.6648,-26.8487,-71.0379
26.9884,-26.9797,-70.7921
26.8152,-26.6158,-71.0826
26.3059,-25.9612,-71.7120
26.3059,-0.9612,-71.7120
25.8864,-0.5416,-72.2120
26.4292,26.2453,-71.5379
26.5601,26.5688,-71.2921
26.1962,26.3957,-71.5826
25.5416,25.8864,-72.2120
-26.2453,26.4292,-71.5379
-26.5688,26.5601,-71.2921
-26.3957,26.1962,-71.5826
-25.8864,25.5416,-72.2120
-26.4292,-26.2453,-71.5379
-26.5601,-26.5688,-71.2921
-26.1962,-26.3957,-71.5826
-25.5416,-25.8864,-72.2120
26.2453,-26.4292,-71.5379
26.5688,-26.5601,-71.2921
26.3957,-26.1962,-71.5826
25.8864,-25.5416,-72.2120
25.8864,-0.5416,-72.2120
25.4668,-0.1221,-72.7120
26.0096,25.8257,-72.0379
26.1406,26.1493,-71.7921
25.7767,25.9761,-72.0826
25.1221,25.4668,-72.7120
-25.8257,26.0096,-72.0379
-26.1493,26.1406,-71.7921
-25.9761,25.7767,-72.0826
-25.4668,25.1221,-72.7120
-26.0096,-25.8257,-72.0379
-26.1406,-26.1493,-71.7921
-25.7767,-25.9761,-72.0826
-25.1221,-25.4668,-72.7120
25.8257,-26.0096,-72.0379
26.1493,-26.1406,-71.7921
25.9761,-25.7767,-72.0826
25.4668,-25.1221,-72.7120
25.4668,-0.1221,-72.7120
25.0473,0.2975,-73.2120
25.5901,25.4062,-72.5379
25.7210,25.7297,-72.2921
25.3571,25.5566,-72.5826
24.7025,25.0473,-73.2120
-25.4062,25.5901,-72.5379
-25.7297,25.7210,-72.2921
-25.5566,25.3571,-72.5826
-25.0473,24.7025,-73.2120
-25.5901,-25.4062,-72.5379
-25.7210,-25.7297,-72.2921
-25.3571,-25.5566,-72.5826
-24.7025,-25.0473,-73.2120
25.4062,-25.5901,-72.5379
25.7297,-25.7210,-72.2921
25.5566,-25.3571,-72.5826
25.0473,-24.7025,-73.2120
25.0473,0.2975,-73.2120
24.6277,0.7170,-73.7120
25.1705,24.9866,-73.0379
25.3015,25.3102,-72.7921
24.9376,25.1370,-73.0826
24.2830,24.6277,-73.7120
-24.9866,25.1705,-73.0379
-25.3102,25.3015,-72.7921
-25.1370,24.9376,-73.0826
-24.6277,24.2830,-73.7120
-25.1705,-24.9866,-73.0379
-25.3015,-25.3102,-72.7921
-24.9376,-25.1370,-73.0826
-24.2830,-24.6277,-73.7120
24.9866,-25.1705,-73.0379
25.3102,-25.3015,-72.7921
25.1370,-24.9376,-73.0826
24.6277,-24.2830,-73.7120
24.6277,0.7170,-73.7120
24.2082,1.1366,-74.2120
24.7510,24.5671,-73.5379
24.8819,24.8906,-73.2921
24.5180,24.7175,-73.5826
23.8634,24.2082,-74.2120
-24.5671,24.7510,-73.5379
-24.8906,24.8819,-73.2921
-24.7175,24.5180,-73.5826
-24.2082,23.8634,-74.2120
-24.7510,-24.5671,-73.5379
-24.8819,-24.8906,-73.2921
-24.5180,-24.7175,-73.5826
-23.8634,-24.2082,-74.2120
24.5671,-24.7510,-73.5379
24.8906,-24.8819,-73.2921
24.7175,-24.5180,-73.5826
24.2082,-23.8634,-74.2120
24.2082,1.1366,-74.2120
23.7886,-0.9439,-74.7120
24.3314,24.1475,-74.0379
24.4624,24.4711,-73.7921
24.0985,24.2979,-74.0826
23.4439,23.7886,-74.7120
-24.1475,24.3314,-74.0379
-24.4711,24.4624,-73.7921
-24.2979,24.0985,-74.0826
-23.7886,23.4439,-74.7120
-24.3314,-24.1475,-74.0379
-24.4624,-24.4711,-73.7921
-24.0985,-24.2979,-74.0826
-23.4439,-23.7886,-74.7120
24.1475,-24.3314,-74.0379
24.4711,-24.4624,-73.7921
24.2979,-24.0985,-74.0826
23.7886,-23.4439,-74.7120
23.7886,-0.9439,-74.7120
23.3691,-0.5243,-75.2120
23.9119,23.7280,-74.5379
24.0428,24.0515,-74.2921
23.6789,23.8784,-74.5826
23.0243,23.3691,-75.2120
-23.7280,23.9119,-74.5379
-24.0515,24.0428,-74.2921
-23.8784,23.6789,-74.5826
-23.3691,23.0243,-75.2120
-23.9119,-23.7280,-74.5379
-24.0428,-24.0515,-74.2921
-23.6789,-23.8784,-74.5826
-23.0243,-23.3691,-75.2120
23.7280,-23.9119,-74.5379
24.0515,-24.0428,-74.2921
23.8784,-23.6789,-74.5826
23.3691,-23.0243,-75.2120
23.3691,-0.5243,-75.2120
22.9495,-0.1048,-75.7120
23.4923,23.3084,-75.0379
23.6233,23.6320,-74.7921
23.2594,23.4588,-75.0826
22.6048,22.9495,-75.7120
-23.3084,23.4923,-75.0379
-23.6320,23.6233,-74.7921
-23.4588,23.2594,-75.0826
-22.9495,22.6048,-75.7120
-23.4923,-23.3084,-75.0379
-23.6233,-23.6320,-74.7921
-23.2594,-23.4588,-75.0826
-22.6048,-22.9495,-75.7120
23.3084,-23.4923,-75.0379
23.6320,-23.6233,-74.7921
23.4588,-23.2594,-75.0826
22.9495,-22.6048,-75.7120
22.9495,-0.1048,-75.7120
22.5300,0.3148,-76.2120
23.0728,22.8889,-75.5379
23.2037,23.2124,-75.2921
22.8398,23.0393,-75.5826
22.1852,22.5300,-76.2120
-22.8889,23.0728,-75.5379
-23.2124,23.2037,-75.2921
-23.0393,22.8398,-75.5826
-22.5300,22.1852,-76.2120
-23.0728,-22.8889,-75.5379
-23.2037,-23.2124,-75.2921
-22.8398,-23.0393,-75.5826
-22.1852,-22.5300,-76.2120
22.8889,-23.0728,-75.5379
23.2124,-23.2037,-75.2921
23.0393,-22.8398,-75.5826
22.5300,-22.1852,-76.2120
22.5300,0.3148,-76.2120
22.1104,0.7343,-76.7120
22.6532,22.4693,-76.0379
22.7842,22.7929,-75.7921
22.4203,22.6197,-76.0826
21.7657,22.1104,-76.7120
-22.4693,22.6532,-76.0379
-22.7929,22.7842,-75.7921
-22.6197,22.4203,-76.0826
-22.1104,21.7657,-76.7120
-22.6532,-22.4693,-76.0379
-22.7842,-22.7929,-75.7921
-22.4203,-22.6197,-76.0826
-21.7657,-22.1104,-76.7120
22.4693,-22.6532,-76.0379
22.7929,-22.7842,-75.7921
22.6197,-22.4203,-76.0826
22.1104,-21.7657,-76.7120
22.1104,0.7343,-76.7120
21.6909,1.1539,-77.2120
22.2337,22.0498,-76.5379
22.3646,22.3733,-76.2921
22.0007,22.2002,-76.5826
21.3461,21.6909,-77.2120
-22.0498,22.2337,-76.5379
-22.3733,22.3646,-76.2921
-22.2002,22.0007,-76.5826
-21.6909,21.3461,-77.2120
-22.2337,-22.0498,-76.5379
-22.3646,-22.3733,-76.2921
-22.0007,-22.2002,-76.5826
-21.3461,-21.6909,-77.2120
22.0498,-22.2337,-76.5379
22.3733,-22.3646,-76.2921
22.2002,-22.0007,-76.5826
21.6909,-21.3461,-77.2120
21.6909,1.1539,-77.2120
21.2713,-0.9266,-77.7120
21.8141,21.6302,-77.0379
21.9451,21.9538,-76.7921
21.5812,21.7806,-77.0826
20.9266,21.2713,-77.7120
-21.6302,21.8141,-77.0379
-21.9538,21.9451,-76.7921
-21.7806,21.5812,-77.0826
-21.2713,20.9266,-77.7120
-21.8141,-21.6302,-77.0379
-21.9451,-21.9538,-76.7921
-21.5812,-21.7806,-77.0826
-20.9266,-21.2713,-77.7120
21.6302,-21.8141,-77.0379
21.9538,-21.9451,-76.7921
21.7806,-21.5812,-77.0826
21.2713,-20.9266,-77.7120
21.2713,-0.9266,-77.7120
20.8518,-0.5070,-78.2120
21.3946,21.2107,-77.5379
21.5255,21.5342,-77.2921
21.1616,21.3611,-77.5826
20.5070,20.8518,-78.2120
-21.2107,21.3946,-77.5379
-21.5342,21.5255,-77.2921
-21.3611,21.1616,-77.5826
-20.8518,20.5070,-78.2120
-21.3946,-21.2107,-77.5379
-21.5255,-21.5342,-77.2921
-21.1616,-21.3611,-77.5826
-20.5070,-20.8518,-78.2120
21.2107,-21.3946,-77.5379
21.5342,-21.5255,-77.2921
21.3611,-21.1616,-77.5826
20.8518,-20.5070,-78.2120
20.8518,-0.5070,-78.2120
20.4322,-0.0875,-78.7120
20.9750,20.7911,-78.0379
21.1060,21.1147,-77.7921
20.7421,20.9415,-78.0826
20.0875,20.4322,-78.7120
-20.7911,20.9750,-78.0379
-21.1147,21.1060,-77.7921
-20.9415,20.7421,-78.0826
-20.4322,20.0875,-78.7120
-20.9750,-20.7911,-78.0379
-21.1060,-21.1147,-77.7921
-20.7421,-20.9415,-78.0826
-20.0875,-20.4322,-78.7120
20.7911,-20.9750,-78.0379
21.1147,-21.1060,-77.7921
20.9415,-20.7421,-78.0826
20.4322,-20.0875,-78.7120
20.4322,-0.0875,-78.7120
20.0127,0.3321,-79.2120
20.5555,20.3716,-78.5379
20.6864,20.6951,-78.2921
20.3225,20.5220,-78.5826
19.6679,20.0127,-79.2120
-20.3716,20.5555,-78.5379
-20.6951,20.6864,-78.2921
-20.5220,20.3225,-78.5826
-20.0127,19.6679,-79.2120
-20.5555,-20.3716,-78.5379
-20.6864,-20.6951,-78.2921
-20.3225,-20.5220,-78.5826
-19.6679,-20.0127,-79.2120
20.3716,-20.5555,-78.5379
20.6951,-20.6864,-78.2921
20.5220,-20.3225,-78.5826
20.0127,-19.6679,-79.2120
20.0127,0.3321,-79.2120
19.5931,0.7516,-79.7120
20.1359,19.9520,-79.0379
20.2669,20.2756,-78.7921
19.9030,20.1024,-79.0826
19.2484,19.5931,-79.7120
-19.9520,20.1359,-79.0379
-20.2756,20.2669,-78.7921
-20.1024,19.9030,-79.0826
-19.5931,19.2484,-79.7120
-20.1359,-19.9520,-79.0379
-20.2669,-20.2756,-78.7921
-19.9030,-20.1024,-79.0826
-19.2484,-19.5931,-79.7120
19.9520,-20.1359,-79.0379
20.2756,-20.2669,-78.7921
20.1024,-19.9030,-79.0826
19.5931,-19.2484,-79.7120
19.5931,0.7516,-79.7120
19.1736,1.1712,-80.2120
19.7164,19.5325,-79.5379
19.8473,19.8560,-79.2921
19.4834,19.6829,-79.5826
18.8288,19.1736,-80.2120
-19.5325,19.7164,-79.5379
-19.8560,19.8473,-79.2921
-19.6829,19.4834,-79.5826
-19.1736,18.8288,-80.2120
-19.7164,-19.5325,-79.5379
-19.8473,-19.8560,-79.2921
-19.4834,-19.6829,-79.5826
-18.8288,-19.1736,-80.2120
19.5325,-19.7164,-79.5379
19.8560,-19.8473,-79.2921
19.6829,-19.4834,-79.5826
19.1736,-18.8288,-80.2120
19.1736,1.1712,-80.2120
18.7540,-0.9093,-80.7120
19.2968,19.1129,-80.0379
19.4278,19.4365,-79.7921
19.0639,19.2633,-80.0826
18.4093,18.7540,-80.7120
-19.1129,19.2968,-80.0379
-19.4365,19.4278,-79.7921
-19.2633,19.0639,-80.0826
-18.7540,18.4093,-80.7120
-19.2968,-19.1129,-80.0379
-19.4278,-19.4365,-79.7921
-19.0639,-19.2633,-80.0826
-18.4093,-18.7540,-80.7120
19.1129,-19.2968,-80.0379
19.4365,-19.4278,-79.7921
19.2633,-19.0639,-80.0826
18.7540,-18.4093,-80.7120
18.7540,-0.9093,-80.7120
18.3345,-0.4897,-81.2120
18.8773,18.6934,-80.5379
19.0082,19.0169,-80.2921
18.6443,18.8438,-80.5826
17.9897,18.3345,-81.2120
-18.6934,18.8773,-80.5379
-19.0169,19.0082,-80.2921
-18.8438,18.6443,-80.5826
-18.3345,17.9897,-81.2120
-18.8773,-18.6934,-80.5379
-19.0082,-19.0169,-80.2921
-18.6443,-18.8438,-80.5826
-17.9897,-18.3345,-81.2120
18.6934,-18.8773,-80.5379
19.0169,-19.0082,-80.2921
18.8438,-18.6443,-80.5826
18.3345,-17.9897,-81.2120
18.3345,-0.4897,-81.2120
17.9149,-0.0702,-81.7120
18.4577,18.2738,-81.0379
18.5887,18.5974,-80.7921
18.2248,18.4242,-81.0826
17.5702,17.9149,-81.7120
-18.2738,18.4577,-81.0379
-18.5974,18.5887,-80.7921
-18.4242,18.2248,-81.0826
-17.9149,17.5702,-81.7120
-18.4577,-18.2738,-81.0379
-18.5887,-18.5974,-80.7921
-18.2248,-18.4242,-81.0826
-17.5702,-17.9149,-81.7120
18.2738,-18.4577,-81.0379
18.5974,-18.5887,-80.7921
18.4242,-18.2248,-81.0826
17.9149,-17.5702,-81.7120
17.9149,-0.0702,-81.7120
17.4954,0.3494,-82.2120
18.0382,17.8543,-81.5379
18.1691,18.1778,-81.2921
17.8052,18.0047,-81.5826
17.1506,17.4954,-82.2120
-17.8543,18.0382,-81.5379
-18.1778,18.1691,-81.2921
-18.0047,17.8052,-81.5826
-17.4954,17.1506,-82.2120
-18.0382,-17.8543,-81.5379
-18.1691,-18.1778,-81.2921
-17.8052,-18.0047,-81.5826
-17.1506,-17.4954,-82.2120
17.8543,-18.0382,-81.5379
18.1778,-18.1691,-81.2921
18.0047,-17.8052,-81.5826
17.4954,-17.1506,-82.2120
17.4954,0.3494,-82.2120
17.0758,0.7689,-82.7120
17.6186,17.4347,-82.0379
17.7496,17.7583,-81.7921
17.3857,17.5851,-82.0826
16.7311,17.0758,-82.7120
-17.4347,17.6186,-82.0379
-17.7583,17.7496,-81.7921
-17.5851,17.3857,-82.0826
-17.0758,16.7311,-82.7120
-17.6186,-17.4347,-82.0379
-17.7496,-17.7583,-81.7921
-17.3857,-17.5851,-82.0826
-16.7311,-17.0758,-82.7120
17.4347,-17.6186,-82.0379
17.7583,-17.7496,-81.7921
17.5851,-17.3857,-82.0826
17.0758,-16.7311,-82.7120
17.0758,0.7689,-82.7120
16.6563,1.1885,-83.2120
17.1991,17.0152,-82.5379
17.3300,17.3387,-82.2921
16.9661,17.1656,-82.5826
16.3115,16.6563,-83.2120
-17.0152,17.1991,-82.5379
-17.3387,17.3300,-82.2921
-17.1656,16.9661,-82.5826
-16.6563,16.3115,-83.2120
-17.1991,-17.0152,-82.5379
-17.3300,-17.3387,-82.2921
-16.9661,-17.1656,-82.5826
-16.3115,-16.6563,-83.2120
17.0152,-17.1991,-82.5379
17.3387,-17.3300,-82.2921
17.1656,-16.9661,-82.5826
16.6563,-16.3115,-83.2120
16.6563,1.1885,-83.2120
16.2367,-0.8920,-83.7120
16.7795,16.5956,-83.0379
16.9105,16.9192,-82.7921
16.5466,16.7460,-83.0826
15.8920,16.2367,-83.7120
-16.5956,16.7795,-83.0379
-16.9192,16.9105,-82.7921
-16.7460,16.5466,-83.0826
-16.2367,15.8920,-83.7120
-16.7795,-16.5956,-83.0379
-16.9105,-16.9192,-82.7921
-16.5466,-16.7460,-83.0826
-15.8920,-16.2367,-83.7120
16.5956,-16.7795,-83.0379
16.9192,-16.9105,-82.7921
16.7460,-16.5466,-83.0826
16.2367,-15.8920,-83.7120
16.2367,-0.8920,-83.7120
15.8172,-0.4724,-84.2120
16.3600,16.1761,-83.5379
16.4909,16.4996,-83.2921
16.1270,16.3265,-83.5826
15.4724,15.8172,-84.2120
-16.1761,16.3600,-83.5379
-16.4996,16.4909,-83.2921
-16.3265,16.1270,-83.5826
-15.8172,15.4724,-84.2120
-16.3600,-16.1761,-83.5379
-16.4909,-16.4996,-83.2921
-16.1270,-16.3265,-83.5826
-15.4724,-15.8172,-84.2120
16.1761,-16.3600,-83.5379
16.4996,-16.4909,-83.2921
16.3265,-16.1270,-83.5826
15.8172,-15.4724,-84.2120
15.8172,-0.4724,-84.2120
15.3976,-0.0529,-84.7120
15.9404,15.7565,-84.0379
16.0714,16.0801,-83.7921
15.7075,15.9069,-84.0826
15.0529,15.3976,-84.7120
-15.7565,15.9404,-84.0379
-16.0801,16.0714,-83.7921
-15.9069,15.7075,-84.0826
-15.3976,15.0529,-84.7120
-15.9404,-15.7565,-84.0379
-16.0714,-16.0801,-83.7921
-15.7075,-15.9069,-84.0826
-15.0529,-15.3976,-84.7120
15.7565,-15.9404,-84.0379
16.0801,-16.0714,-83.7921
15.9069,-15.7075,-84.0826
15.3976,-15.0529,-84.7120
15.3976,-0.0529,-84.7120
14.9781,0.3667,-85.2120
15.5209,15.3370,-84.5379
15.6518,15.6605,-84.2921
15.2879,15.4874,-84.5826
14.6333,14.9781,-85.2120
-15.3370,15.5209,-84.5379
-15.6605,15.6518,-84.2921
-15.4874,15.2879,-84.5826
-14.9781,14.6333,-85.2120
-15.5209,-15.3370,-84.5379
-15.6518,-15.6605,-84.2921
-15.2879,-15.4874,-84.5826
-14.6333,-14.9781,-85.2120
15.3370,-15.5209,-84.5379
15.6605,-15.6518,-84.2921
15.4874,-15.2879,-84.5826
14.9781,-14.6333,-85.2120
14.9781,0.3667,-85.2120
14.5585,0.7862,-85.7120
15.1013,14.9174,-85.0379
15.2323,15.2410,-84.7921
14.8684,15.0678,-85.0826
14.2138,14.5585,-85.7120
-14.9174,15.1013,-85.0379
-15.2410,15.2323,-84.7921
-15.0678,14.8684,-85.0826
-14.5585,14.2138,-85.7120
-15.1013,-14.9174,-85.0379
-15.2323,-15.2410,-84.7921
-14.8684,-15.0678,-85.0826
-14.2138,-14.5585,-85.7120
14.9174,-15.1013,-85.0379
15.2410,-15.2323,-84.7921
15.0678,-14.8684,-85.0826
14.5585,-14.2138,-85.7120
14.5585,0.7862,-85.7120
14.1390,1.2058,-86.2120
14.6818,14.4979,-85.5379
14.8127,14.8214,-85.2921
14.4488,14.6483,-85.5826
13.7942,14.1390,-86.2120
-14.4979,14.6818,-85.5379
-14.8214,14.8127,-85.2921
-14.6483,14.4488,-85.5826
-14.1390,13.7942,-86.2120
-14.6818,-14.4979,-85.5379
-14.8127,-14.8214,-85.2921
-14.4488,-14.6483,-85.5826
-13.7942,-14.1390,-86.2120
14.4979,-14.6818,-85.5379
14.8214,-14.8127,-85.2921
14.6483,-14.4488,-85.5826
14.1390,-13.7942,-86.2120
14.1390,1.2058,-86.2120
13.7194,-0.8747,-86.7120
14.2622,14.0783,-86.0379
14.3932,14.4019,-85.7921
14.0293,14.2287,-86.0826
13.3747,13.7194,-86.7120
-14.0783,14.2622,-86.0379
-14.4019,14.3932,-85.7921
-14.2287,14.0293,-86.0826
-13.7194,13.3747,-86.7120
-14.2622,-14.0783,-86.0379
-14.3932,-14.4019,-85.7921
-14.0293,-14.2287,-86.0826
-13.3747,-13.7194,-86.7120
14.0783,-14.2622,-86.0379
14.4019,-14.3932,-85.7921
14.2287,-14.0293,-86.0826
13.7194,-13.3747,-86.7120
13.7194,-0.8747,-86.7120
13.2999,-0.4551,-87.2120
13.8427,13.6588,-86.5379
13.9736,13.9823,-86.2921
13.6097,13.8092,-86.5826
12.9551,13.2999,-87.2120
-13.6588,13.8427,-86.5379
-13.9823,13.9736,-86.2921
-13.8092,13.6097,-86.5826
-13.2999,12.9551,-87.2120
-13.8427,-13.6588,-86.5379
-13.9736,-13.9823,-86.2921
-13.6097,-13.8092,-86.5826
-12.9551,-13.2999,-87.2120
13.6588,-13.8427,-86.5379
13.9823,-13.9736,-86.2921
13.8092,-13.6097,-86.5826
13.2999,-12.9551,-87.2120
13.2999,-0.4551,-87.2120
12.8803,-0.0356,-87.7120
13.4231,13.2392,-87.0379
13.5541,13.5628,-86.7921
13.1902,13.3896,-87.0826
12.5356,12.8803,-87.7120
-13.2392,13.4231,-87.0379
-13.5628,13.5541,-86.7921
-13.3896,13.1902,-87.0826
-12.8803,12.5356,-87.7120
-13.4231,-13.2392,-87.0379
-13.5541,-13.5628,-86.7921
-13.1902,-13.3896,-87.0826
-12.5356,-12.8803,-87.7120
13.2392,-13.4231,-87.0379
13.5628,-13.5541,-86.7921
13.3896,-13.1902,-87.0826
12.8803,-12.5356,-87.7120
12.8803,-0.0356,-87.7120
12.4608,0.3840,-88.2120
13.0036,12.8197,-87.5379
13.1345,13.1432,-87.2921
12.7706,12.9701,-87.5826
12.1160,12.4608,-88.2120
-12.8197,13.0036,-87.5379
-13.1432,13.1345,-87.2921
-12.9701,12.7706,-87.5826
-12.4608,12.1160,-88.2120
-13.0036,-12.8197,-87.5379
-13.1345,-13.1432,-87.2921
-12.7706,-12.9701,-87.5826
-12.1160,-12.4608,-88.2120
12.8197,-13.0036,-87.5379
13.1432,-13.1345,-87.2921
12.9701,-12.7706,-87.5826
12.4608,-12.1160,-88.2120
12.4608,0.3840,-88.2120
12.0412,0.8035,-88.7120
12.5840,12.4001,-88.0379
12.7150,12.7237,-87.7921
12.3511,12.5505,-88.0826
11.6965,12.0412,-88.7120
-12.4001,12.5840,-88.0379
-12.7237,12.7150,-87.7921
-12.5505,12.3511,-88.0826
-12.0412,11.6965,-88.7120
-12.5840,-12.4001,-88.0379
-12.7150,-12.7237,-87.7921
-12.3511,-12.5505,-88.0826
-11.6965,-12.0412,-88.7120
12.4001,-12.5840,-88.0379
12.7237,-12.7150,-87.7921
12.5505,-12.3511,-88.0826
12.0412,-11.6965,-88.7120
12.0412,0.8035,-88.7120
11.6217,1.2231,-89.2120
12.1645,11.9806,-88.5379
12.2955,12.3041,-88.2921
11.9315,12.1310,-88.5826
11.2769,11.6217,-89.2120
-11.9806,12.1645,-88.5379
-12.3041,12.2955,-88.2921
-12.1310,11.9315,-88.5826
-11.6217,11.2769,-89.2120
-12.1645,-11.9806,-88.5379
-12.2955,-12.3041,-88.2921
-11.9315,-12.1310,-88.5826
-11.2769,-11.6217,-89.2120
11.9806,-12.1645,-88.5379
12.3041,-12.2955,-88.2921
12.1310,-11.9315,-88.5826
11.6217,-11.2769,-89.2120
11.6217,1.2231,-89.2120
11.2021,-0.8574,-89.7120
11.7449,11.5610,-89.0379
11.8759,11.8846,-88.7921
11.5120,11.7114,-89.0826
10.8574,11.2021,-89.7120
-11.5610,11.7449,-89.0379
-11.8846,11.8759,-88.7921
-11.7114,11.5120,-89.0826
-11.2021,10.8574,-89.7120
-11.7449,-11.5610,-89.0379
-11.8759,-11.8846,-88.7921
-11.5120,-11.7114,-89.0826
-10.8574,-11.2021,-89.7120
11.5610,-11.7449,-89.0379
11.8846,-11.8759,-88.7921
11.7114,-11.5120,-89.0826
11.2021,-10.8574,-89.7120
11.2021,-0.8574,-89.7120
10.7826,-0.4378,-90.2120
11.3254,11.1415,-89.5379
11.4564,11.4650,-89.2921
11.0924,11.2919,-89.5826
10.4378,10.7826,-90.2120
-11.1415,11.3254,-89.5379
-11.4650,11.4564,-89.2921
-11.2919,11.0924,-89.5826
-10.7826,10.4378,-90.2120
-11.3254,-11.1415,-89.5379
-11.4564,-11.4650,-89.2921
-11.0924,-11.2919,-89.5826
-10.4378,-10.7826,-90.2120
11.1415,-11.3254,-89.5379
11.4650,-11.4564,-89.2921
11.2919,-11.0924,-89.5826
10.7826,-10.4378,-90.2120
10.7826,-0.4378,-90.2120
10.3630,-0.0183,-90.7120
10.9058,10.7219,-90.0379
11.0368,11.0455,-89.7921
10.6729,10.8724,-90.0826
10.0183,10.3630,-90.7120
-10.7219,10.9058,-90.0379
-11.0455,11.0368,-89.7921
-10.8724,10.6729,-90.0826
-10.3630,10.0183,-90.7120
-10.9058,-10.7219,-90.0379
-11.0368,-11.0455,-89.7921
-10.6729,-10.8724,-90.0826
-10.0183,-10.3630,-90.7120
10.7219,-10.9058,-90.0379
11.0455,-11.0368,-89.7921
10.8724,-10.6729,-90.0826
10.3630,-10.0183,-90.7120
10.3630,-0.0183,-90.7120
9.9435,0.4013,-91.2120
10.4863,10.3024,-90.5379
10.6173,10.6259,-90.2921
10.2533,10.4528,-90.5826
9.5987,9.9435,-91.2120
-10.3024,10.4863,-90.5379
-10.6259,10.6173,-90.2921
-10.4528,10.2533,-90.5826
-9.9435,9.5987,-91.2120
-10.4863,-10.3024,-90.5379
-10.6173,-10.6259,-90.2921
-10.2533,-10.4528,-90.5826
-9.5987,-9.9435,-91.2120
10.3024,-10.4863,-90.5379
10.6259,-10.6173,-90.2921
10.4528,-10.2533,-90.5826
9.9435,-9.5987,-91.2120
9.9435,0.4013,-91.2120
9.5239,0.8208,-91.7120
10.0667,9.8828,-91.0379
10.1977,10.2064,-90.7921
9.8338,10.0333,-91.0826
9.1792,9.5239,-91.7120
-9.8828,10.0667,-91.0379
-10.2064,10.1977,-90.7921
-10.0333,9.8338,-91.0826
-9.5239,9.1792,-91.7120
-10.0667,-9.8828,-91.0379
-10.1977,-10.2064,-90.7921
-9.8338,-10.0333,-91.0826
-9.1792,-9.5239,-91.7120
9.8828,-10.0667,-91.0379
10.2064,-10.1977,-90.7921
10.0333,-9.8338,-91.0826
9.5239,-9.1792,-91.7120
9.5239,0.8208,-91.7120
9.1044,1.2404,-92.2120
9.6472,9.4633,-91.5379
9.7782,9.7868,-91.2921
9.4142,9.6137,-91.5826
8.7596,9.1044,-92.2120
-9.4633,9.6472,-91.5379
-9.7868,9.7782,-91.2921
-9.6137,9.4142,-91.5826
-9.1044,8.7596,-92.2120
-9.6472,-9.4633,-91.5379
-9.7782,-9.7868,-91.2921
-9.4142,-9.6137,-91.5826
-8.7596,-9.1044,-92.2120
9.4633,-9.6472,-91.5379
9.7868,-9.7782,-91.2921
9.6137,-9.4142,-91.5826
9.1044,-8.7596,-92.2120
9.1044,1.2404,-92.2120
8.6848,-0.8401,-92.7120
9.2276,9.0437,-92.0379
9.3586,9.3673,-91.7921
8.9947,9.1942,-92.0826
8.3401,8.6848,-92.7120
-9.0437,9.2276,-92.0379
-9.3673,9.3586,-91.7921
-9.1942,8.9947,-92.0826
-8.6848,8.3401,-92.7120
-9.2276,-9.0437,-92.0379
-9.3586,-9.3673,-91.7921
-8.9947,-9.1942,-92.0826
-8.3401,-8.6848,-92.7120
9.0437,-9.2276,-92.0379
9.3673,-9.3586,-91.7921
9.1942,-8.9947,-92.0826
8.6848,-8.3401,-92.7120
8.6848,-0.8401,-92.7120
8.2653,-0.4205,-93.2120
8.8081,8.6242,-92.5379
8.9391,8.9477,-92.2921
8.5751,8.7746,-92.5826
7.9205,8.2653,-93.2120
-8.6242,8.8081,-92.5379
-8.9477,8.9391,-92.2921
-8.7746,8.5751,-92.5826
-8.2653,7.9205,-93.2120
-8.8081,-8.6242,-92.5379
-8.9391,-8.9477,-92.2921
-8.5751,-8.7746,-92.5826
-7.9205,-8.2653,-93.2120
8.6242,-8.8081,-92.5379
8.9477,-8.9391,-92.2921
8.7746,-8.5751,-92.5826
8.2653,-7.9205,-93.2120
8.2653,-0.4205,-93.2120
7.8457,-0.0010,-93.7120
8.3885,8.2046,-93.0379
8.5195,8.5282,-92.7921
8.1556,8.3551,-93.0826
7.5010,7.8457,-93.7120
-8.2046,8.3885,-93.0379
-8.5282,8.5195,-92.7921
-8.3551,8.1556,-93.0826
-7.8457,7.5010,-93.7120
-8.3885,-8.2046,-93.0379
-8.5195,-8.5282,-92.7921
-8.1556,-8.3551,-93.0826
-7.5010,-7.8457,-93.7120
8.2046,-8.3885,-93.0379
8.5282,-8.5195,-92.7921
8.3551,-8.1556,-93.0826
7.8457,-7.5010,-93.7120
7.8457,-0.0010,-93.7120
7.4262,0.4186,-94.2120
7.9690,7.7851,-93.5379
8.1000,8.1086,-93.2921
7.7360,7.9355,-93.5826
7.0814,7.4262,-94.2120
-7.7851,7.9690,-93.5379
-8.1086,8.1000,-93.2921
-7.9355,7.7360,-93.5826
-7.4262,7.0814,-94.2120
-7.9690,-7.7851,-93.5379
-8.1000,-8.1086,-93.2921
-7.7360,-7.9355,-93.5826
-7.0814,-7.4262,-94.2120
7.7851,-7.9690,-93.5379
8.1086,-8.1000,-93.2921
7.9355,-7.7360,-93.5826
7.4262,-7.0814,-94.2120
7.4262,0.4186,-94.2120
7.0066,0.8381,-94.7120
7.5494,7.3655,-94.0379
7.6804,7.6891,-93.7921
7.3165,7.5160,-94.0826
6.6619,7.0066,-94.7120
-7.3655,7.5494,-94.0379
-7.6891,7.6804,-93.7921
-7.5160,7.3165,-94.0826
-7.0066,6.6619,-94.7120
-7.5494,-7.3655,-94.0379
-7.6804,-7.6891,-93.7921
-7.3165,-7.5160,-94.0826
-6.6619,-7.0066,-94.7120
7.3655,-7.5494,-94.0379
7.6891,-7.6804,-93.7921
7.5160,-7.3165,-94.0826
7.0066,-6.6619,-94.7120
7.0066,0.8381,-94.7120
6.8811,0.9449,-94.8602
6.8776,6.6022,-94.8602
7.2515,7.1541,-94.3596
7.1502,7.2497,-94.3627
6.6022,6.8776,-94.8602
6.5551,6.8811,-94.8602
-6.6022,6.8776,-94.8602
-7.1541,7.2515,-94.3596
-7.2497,7.1502,-94.3627
-6.8776,6.6022,-94.8602
-6.8811,6.5551,-94.8602
-6.8776,-6.6022,-94.8602
-7.2515,-7.1541,-94.3596
-7.1502,-7.2497,-94.3627
-6.6022,-6.8776,-94.8602
-6.5551,-6.8811,-94.8602
6.6022,-6.8776,-94.8602
7.1541,-7.2515,-94.3596
7.2497,-7.1502,-94.3627
6.8776,-6.6022,-94.8602
6.8811,-6.5551,-94.8602
6.8811,0.9449,-94.8602
6.8518,0.9449,-94.8883
6.8147,6.6987,-94.8883
6.7626,6.8433,-94.8383
6.6987,6.8147,-94.8883
6.5551,6.8518,-94.8883
-6.6987,6.8147,-94.8883
-6.8433,6.7626,-94.8383
-6.8147,6.6987,-94.8883
-6.8518,6.5551,-94.8883
-6.8147,-6.6987,-94.8883
-6.7626,-6.8433,-94.8383
-6.6987,-6.8147,-94.8883
-6.5551,-6.8518,-94.8883
6.6987,-6.8147,-94.8883
6.8433,-6.7626,-94.8383
6.8147,-6.6987,-94.8883
6.8518,-6.5551,-94.8883
6.8518,0.9449,-94.8883
6.8162,0.9449,-94.9165
6.7793,6.6890,-94.9165
6.6789,6.7850,-94.9165
6.5551,6.8162,-94.9165
-6.6890,6.7793,-94.9165
-6.7850,6.6789,-94.9165
-6.8162,6.5551,-94.9165
-6.7793,-6.6890,-94.9165
-6.6789,-6.7850,-94.9165
-6.5551,-6.8162,-94.9165
6.6890,-6.7793,-94.9165
6.7850,-6.6789,-94.9165
6.8162,-6.5551,-94.9165
6.8162,0.9449,-94.9165
6.7714,0.9449,-94.9446
6.7273,6.6860,-94.9446
6.6129,6.7635,-94.9446
6.5551,6.7714,-94.9446
-6.6860,6.7273,-94.9446
-6.7635,6.6129,-94.9446
-6.7714,6.5551,-94.9446
-6.7273,-6.6860,-94.9446
-6.6129,-6.7635,-94.9446
-6.5551,-6.7714,-94.9446
6.6860,-6.7273,-94.9446
6.7635,-6.6129,-94.9446
6.7714,-6.5551,-94.9446
6.7714,0.9449,-94.9446
6.7094,0.9449,-94.9727
6.6496,6.6770,-94.9727
6.5551,6.7094,-94.9727
-6.6770,6.6496,-94.9727
-6.7094,6.5551,-94.9727
-6.6496,-6.6770,-94.9727
-6.5551,-6.7094,-94.9727
6.6770,-6.6496,-94.9727
6.7094,-6.5551,-94.9727
6.7094,0.9449,-94.9727
6.5710,0.9449,-94.9997
6.5551,6.5710,-94.9997
-6.5710,6.5551,-94.9997
-6.5551,-6.5710,-94.9997
6.5710,-6.5551,-94.9997
6.5710,0.9449,-94.9997
